[{"model": "admin.logentry", "pk": 1, "fields": {"action_time": "2021-05-07T17:17:12.613Z", "user": 1, "content_type": 7, "object_id": "1", "object_repr": "Женщины:1", "action_flag": 1, "change_message": "[{\"added\": {}}]"}}, {"model": "admin.logentry", "pk": 2, "fields": {"action_time": "2021-05-07T17:17:42.813Z", "user": 1, "content_type": 7, "object_id": "2", "object_repr": "Мужчины:2", "action_flag": 1, "change_message": "[{\"added\": {}}]"}}, {"model": "admin.logentry", "pk": 3, "fields": {"action_time": "2021-05-07T17:18:43.164Z", "user": 1, "content_type": 7, "object_id": "3", "object_repr": "Сумки:3", "action_flag": 1, "change_message": "[{\"added\": {}}]"}}, {"model": "admin.logentry", "pk": 4, "fields": {"action_time": "2021-05-07T17:41:15.364Z", "user": 1, "content_type": 7, "object_id": "1", "object_repr": "Женщины:1", "action_flag": 2, "change_message": "[{\"changed\": {\"fields\": [\"Photo\"]}}]"}}, {"model": "admin.logentry", "pk": 5, "fields": {"action_time": "2021-05-07T17:41:39.436Z", "user": 1, "content_type": 7, "object_id": "2", "object_repr": "Мужчины:2", "action_flag": 2, "change_message": "[{\"changed\": {\"fields\": [\"Photo\"]}}]"}}, {"model": "admin.logentry", "pk": 6, "fields": {"action_time": "2021-05-07T17:42:00.739Z", "user": 1, "content_type": 7, "object_id": "3", "object_repr": "Сумки:3", "action_flag": 2, "change_message": "[{\"changed\": {\"fields\": [\"Photo\"]}}]"}}, {"model": "admin.logentry", "pk": 7, "fields": {"action_time": "2021-05-08T11:44:07.607Z", "user": 1, "content_type": 8, "object_id": "1", "object_repr": "Кофты", "action_flag": 1, "change_message": "[{\"added\": {}}]"}}, {"model": "admin.logentry", "pk": 8, "fields": {"action_time": "2021-05-08T11:45:06.203Z", "user": 1, "content_type": 8, "object_id": "2", "object_repr": "Платья", "action_flag": 1, "change_message": "[{\"added\": {}}]"}}, {"model": "admin.logentry", "pk": 9, "fields": {"action_time": "2021-05-08T11:46:33.862Z", "user": 1, "content_type": 8, "object_id": "3", "object_repr": "Пижамы", "action_flag": 1, "change_message": "[{\"added\": {}}]"}}, {"model": "admin.logentry", "pk": 10, "fields": {"action_time": "2021-05-08T11:47:02.330Z", "user": 1, "content_type": 8, "object_id": "1", "object_repr": "Блузы", "action_flag": 2, "change_message": "[{\"changed\": {\"fields\": [\"Title\"]}}]"}}, {"model": "admin.logentry", "pk": 11, "fields": {"action_time": "2021-05-08T11:47:35.789Z", "user": 1, "content_type": 8, "object_id": "4", "object_repr": "Кофты", "action_flag": 1, "change_message": "[{\"added\": {}}]"}}, {"model": "admin.logentry", "pk": 12, "fields": {"action_time": "2021-05-08T11:48:48.249Z", "user": 1, "content_type": 8, "object_id": "5", "object_repr": "Спортивные Костюмы", "action_flag": 1, "change_message": "[{\"added\": {}}]"}}, {"model": "admin.logentry", "pk": 13, "fields": {"action_time": "2021-05-08T11:49:51.417Z", "user": 1, "content_type": 8, "object_id": "6", "object_repr": "Спортивная Обувь", "action_flag": 1, "change_message": "[{\"added\": {}}]"}}, {"model": "admin.logentry", "pk": 14, "fields": {"action_time": "2021-05-08T11:50:35.948Z", "user": 1, "content_type": 8, "object_id": "7", "object_repr": "Аксессуары", "action_flag": 1, "change_message": "[{\"added\": {}}]"}}, {"model": "admin.logentry", "pk": 15, "fields": {"action_time": "2021-05-08T11:52:35.254Z", "user": 1, "content_type": 8, "object_id": "8", "object_repr": "Для рабочих встреч", "action_flag": 1, "change_message": "[{\"added\": {}}]"}}, {"model": "admin.logentry", "pk": 16, "fields": {"action_time": "2021-05-08T11:54:49.395Z", "user": 1, "content_type": 8, "object_id": "9", "object_repr": "Куртки", "action_flag": 1, "change_message": "[{\"added\": {}}]"}}, {"model": "admin.logentry", "pk": 17, "fields": {"action_time": "2021-05-08T11:55:45.757Z", "user": 1, "content_type": 8, "object_id": "10", "object_repr": "Джинцы", "action_flag": 1, "change_message": "[{\"added\": {}}]"}}, {"model": "admin.logentry", "pk": 18, "fields": {"action_time": "2021-05-08T11:56:33.594Z", "user": 1, "content_type": 8, "object_id": "11", "object_repr": "Рубашки", "action_flag": 1, "change_message": "[{\"added\": {}}]"}}, {"model": "admin.logentry", "pk": 19, "fields": {"action_time": "2021-05-08T11:57:50.523Z", "user": 1, "content_type": 8, "object_id": "12", "object_repr": "Костюмы Мужские", "action_flag": 1, "change_message": "[{\"added\": {}}]"}}, {"model": "admin.logentry", "pk": 20, "fields": {"action_time": "2021-05-08T11:58:46.412Z", "user": 1, "content_type": 8, "object_id": "13", "object_repr": "Брюки", "action_flag": 1, "change_message": "[{\"added\": {}}]"}}, {"model": "admin.logentry", "pk": 21, "fields": {"action_time": "2021-05-08T11:59:56.073Z", "user": 1, "content_type": 8, "object_id": "14", "object_repr": "Чемоданы", "action_flag": 1, "change_message": "[{\"added\": {}}]"}}, {"model": "admin.logentry", "pk": 22, "fields": {"action_time": "2021-05-08T12:00:48.087Z", "user": 1, "content_type": 8, "object_id": "15", "object_repr": "Сумки Мужские", "action_flag": 1, "change_message": "[{\"added\": {}}]"}}, {"model": "admin.logentry", "pk": 23, "fields": {"action_time": "2021-05-08T12:01:47.151Z", "user": 1, "content_type": 8, "object_id": "16", "object_repr": "Сумки Спортивные", "action_flag": 1, "change_message": "[{\"added\": {}}]"}}, {"model": "admin.logentry", "pk": 24, "fields": {"action_time": "2021-05-08T12:02:37.415Z", "user": 1, "content_type": 8, "object_id": "17", "object_repr": "Сумки Женские", "action_flag": 1, "change_message": "[{\"added\": {}}]"}}, {"model": "admin.logentry", "pk": 25, "fields": {"action_time": "2021-05-08T13:16:31.864Z", "user": 1, "content_type": 9, "object_id": "1", "object_repr": "Блуза Леопардовая, 1000", "action_flag": 1, "change_message": "[{\"added\": {}}]"}}, {"model": "admin.logentry", "pk": 26, "fields": {"action_time": "2021-05-08T13:19:18.106Z", "user": 1, "content_type": 9, "object_id": "2", "object_repr": "Блуза Голубая, 1100", "action_flag": 1, "change_message": "[{\"added\": {}}]"}}, {"model": "admin.logentry", "pk": 27, "fields": {"action_time": "2021-05-08T13:21:40.444Z", "user": 1, "content_type": 9, "object_id": "3", "object_repr": "Блуза Темная, 2000", "action_flag": 1, "change_message": "[{\"added\": {}}]"}}, {"model": "admin.logentry", "pk": 28, "fields": {"action_time": "2021-05-08T13:24:08.566Z", "user": 1, "content_type": 9, "object_id": "4", "object_repr": "Блуза Зеленая, 1500", "action_flag": 1, "change_message": "[{\"added\": {}}]"}}, {"model": "admin.logentry", "pk": 29, "fields": {"action_time": "2021-05-08T13:26:25.586Z", "user": 1, "content_type": 9, "object_id": "5", "object_repr": "Блуза Красная, 2300", "action_flag": 1, "change_message": "[{\"added\": {}}]"}}, {"model": "admin.logentry", "pk": 30, "fields": {"action_time": "2021-05-08T13:33:41.987Z", "user": 1, "content_type": 9, "object_id": "6", "object_repr": "Платье темное, 3200", "action_flag": 1, "change_message": "[{\"added\": {}}]"}}, {"model": "admin.logentry", "pk": 31, "fields": {"action_time": "2021-05-08T13:35:43.940Z", "user": 1, "content_type": 9, "object_id": "7", "object_repr": "Платье зеленое, 1500", "action_flag": 1, "change_message": "[{\"added\": {}}]"}}, {"model": "admin.logentry", "pk": 32, "fields": {"action_time": "2021-05-08T13:37:36.334Z", "user": 1, "content_type": 9, "object_id": "8", "object_repr": "Платье белое, 2000", "action_flag": 1, "change_message": "[{\"added\": {}}]"}}, {"model": "admin.logentry", "pk": 33, "fields": {"action_time": "2021-05-08T13:39:15.854Z", "user": 1, "content_type": 9, "object_id": "9", "object_repr": "Платье желтое, 4000", "action_flag": 1, "change_message": "[{\"added\": {}}]"}}, {"model": "admin.logentry", "pk": 34, "fields": {"action_time": "2021-05-08T13:40:59.367Z", "user": 1, "content_type": 9, "object_id": "10", "object_repr": "Платьу цветное, 3200", "action_flag": 1, "change_message": "[{\"added\": {}}]"}}, {"model": "admin.logentry", "pk": 35, "fields": {"action_time": "2021-05-08T13:44:18.638Z", "user": 1, "content_type": 9, "object_id": "11", "object_repr": "Кофта белая, 2300", "action_flag": 1, "change_message": "[{\"added\": {}}]"}}, {"model": "admin.logentry", "pk": 36, "fields": {"action_time": "2021-05-08T13:46:20.850Z", "user": 1, "content_type": 9, "object_id": "12", "object_repr": "Кофта цветная, 4000", "action_flag": 1, "change_message": "[{\"added\": {}}]"}}, {"model": "admin.logentry", "pk": 37, "fields": {"action_time": "2021-05-08T13:48:06.625Z", "user": 1, "content_type": 9, "object_id": "13", "object_repr": "Кофта Коричневая, 1000", "action_flag": 1, "change_message": "[{\"added\": {}}]"}}, {"model": "admin.logentry", "pk": 38, "fields": {"action_time": "2021-05-08T13:49:40.327Z", "user": 1, "content_type": 9, "object_id": "14", "object_repr": "Кофта желтая, 3000", "action_flag": 1, "change_message": "[{\"added\": {}}]"}}, {"model": "admin.logentry", "pk": 39, "fields": {"action_time": "2021-05-08T13:51:00.673Z", "user": 1, "content_type": 9, "object_id": "15", "object_repr": "Кофта красная, 2300", "action_flag": 1, "change_message": "[{\"added\": {}}]"}}, {"model": "admin.logentry", "pk": 40, "fields": {"action_time": "2021-05-08T13:53:01.082Z", "user": 1, "content_type": 9, "object_id": "16", "object_repr": "Пижама белая, 1000", "action_flag": 1, "change_message": "[{\"added\": {}}]"}}, {"model": "admin.logentry", "pk": 41, "fields": {"action_time": "2021-05-08T13:56:01.103Z", "user": 1, "content_type": 9, "object_id": "17", "object_repr": "Пижама в цветы, 1000", "action_flag": 1, "change_message": "[{\"added\": {}}]"}}, {"model": "admin.logentry", "pk": 42, "fields": {"action_time": "2021-05-08T13:57:35.895Z", "user": 1, "content_type": 9, "object_id": "18", "object_repr": "Пижама со слоном, 2000", "action_flag": 1, "change_message": "[{\"added\": {}}]"}}, {"model": "admin.logentry", "pk": 43, "fields": {"action_time": "2021-05-08T13:59:33.416Z", "user": 1, "content_type": 9, "object_id": "19", "object_repr": "Пижама голубая, 1000", "action_flag": 1, "change_message": "[{\"added\": {}}]"}}, {"model": "admin.logentry", "pk": 44, "fields": {"action_time": "2021-05-08T14:01:16.561Z", "user": 1, "content_type": 9, "object_id": "20", "object_repr": "Пижама цветная, 2300", "action_flag": 1, "change_message": "[{\"added\": {}}]"}}, {"model": "admin.logentry", "pk": 45, "fields": {"action_time": "2021-05-08T15:44:56.886Z", "user": 1, "content_type": 9, "object_id": "21", "object_repr": "Курека черная, 2000", "action_flag": 1, "change_message": "[{\"added\": {}}]"}}, {"model": "admin.logentry", "pk": 46, "fields": {"action_time": "2021-05-08T15:46:41.126Z", "user": 1, "content_type": 9, "object_id": "22", "object_repr": "Курека темная, 2400", "action_flag": 1, "change_message": "[{\"added\": {}}]"}}, {"model": "admin.logentry", "pk": 47, "fields": {"action_time": "2021-05-08T15:47:59.182Z", "user": 1, "content_type": 9, "object_id": "23", "object_repr": "Курека зеленая, 2100", "action_flag": 1, "change_message": "[{\"added\": {}}]"}}, {"model": "admin.logentry", "pk": 48, "fields": {"action_time": "2021-05-08T15:49:20.349Z", "user": 1, "content_type": 9, "object_id": "24", "object_repr": "Курека оранжевая, 3200", "action_flag": 1, "change_message": "[{\"added\": {}}]"}}, {"model": "admin.logentry", "pk": 49, "fields": {"action_time": "2021-05-08T15:50:57.659Z", "user": 1, "content_type": 9, "object_id": "25", "object_repr": "Куртка красная, 3000", "action_flag": 1, "change_message": "[{\"added\": {}}]"}}, {"model": "admin.logentry", "pk": 50, "fields": {"action_time": "2021-05-08T16:34:09.206Z", "user": 1, "content_type": 9, "object_id": "21", "object_repr": "Куртка черная, 2000.00", "action_flag": 2, "change_message": "[{\"changed\": {\"fields\": [\"Title\"]}}]"}}, {"model": "admin.logentry", "pk": 51, "fields": {"action_time": "2021-05-08T16:34:39.415Z", "user": 1, "content_type": 9, "object_id": "22", "object_repr": "Куртка темная, 2400.00", "action_flag": 2, "change_message": "[{\"changed\": {\"fields\": [\"Title\"]}}]"}}, {"model": "admin.logentry", "pk": 52, "fields": {"action_time": "2021-05-08T16:34:52.610Z", "user": 1, "content_type": 9, "object_id": "24", "object_repr": "Куртка оранжевая, 3200.00", "action_flag": 2, "change_message": "[{\"changed\": {\"fields\": [\"Title\"]}}]"}}, {"model": "admin.logentry", "pk": 53, "fields": {"action_time": "2021-05-08T16:35:13.479Z", "user": 1, "content_type": 9, "object_id": "23", "object_repr": "Куртка зеленая, 2100.00", "action_flag": 2, "change_message": "[{\"changed\": {\"fields\": [\"Title\"]}}]"}}, {"model": "admin.logentry", "pk": 54, "fields": {"action_time": "2021-05-08T16:38:08.535Z", "user": 1, "content_type": 9, "object_id": "26", "object_repr": "Джинцы Черные, 1000", "action_flag": 1, "change_message": "[{\"added\": {}}]"}}, {"model": "admin.logentry", "pk": 55, "fields": {"action_time": "2021-05-08T16:40:16.266Z", "user": 1, "content_type": 9, "object_id": "27", "object_repr": "Джинцы синие, 1100", "action_flag": 1, "change_message": "[{\"added\": {}}]"}}, {"model": "admin.logentry", "pk": 56, "fields": {"action_time": "2021-05-08T16:42:11.926Z", "user": 1, "content_type": 9, "object_id": "28", "object_repr": "Джинцы Классичнские, 1000", "action_flag": 1, "change_message": "[{\"added\": {}}]"}}, {"model": "admin.logentry", "pk": 57, "fields": {"action_time": "2021-05-08T16:44:45.075Z", "user": 1, "content_type": 9, "object_id": "29", "object_repr": "Джинцы Темые, 1200", "action_flag": 1, "change_message": "[{\"added\": {}}]"}}, {"model": "admin.logentry", "pk": 58, "fields": {"action_time": "2021-05-08T16:46:06.811Z", "user": 1, "content_type": 9, "object_id": "30", "object_repr": "Джинцы серые, 1200", "action_flag": 1, "change_message": "[{\"added\": {}}]"}}, {"model": "admin.logentry", "pk": 59, "fields": {"action_time": "2021-05-08T18:47:27.845Z", "user": 1, "content_type": 4, "object_id": "2", "object_repr": "borys", "action_flag": 1, "change_message": "[{\"added\": {}}]"}}, {"model": "admin.logentry", "pk": 60, "fields": {"action_time": "2021-05-08T18:48:14.280Z", "user": 1, "content_type": 3, "object_id": "1", "object_repr": "ma", "action_flag": 1, "change_message": "[{\"added\": {}}]"}}, {"model": "admin.logentry", "pk": 61, "fields": {"action_time": "2021-05-08T18:48:40.437Z", "user": 1, "content_type": 3, "object_id": "1", "object_repr": "ma", "action_flag": 3, "change_message": ""}}, {"model": "admin.logentry", "pk": 62, "fields": {"action_time": "2021-05-08T18:49:29.291Z", "user": 1, "content_type": 3, "object_id": "2", "object_repr": "manager", "action_flag": 1, "change_message": "[{\"added\": {}}]"}}, {"model": "admin.logentry", "pk": 63, "fields": {"action_time": "2021-05-08T18:49:54.422Z", "user": 1, "content_type": 4, "object_id": "2", "object_repr": "borys", "action_flag": 2, "change_message": "[{\"changed\": {\"fields\": [\"Groups\"]}}]"}}, {"model": "admin.logentry", "pk": 64, "fields": {"action_time": "2021-05-11T18:15:08.518Z", "user": 1, "content_type": 9, "object_id": "32", "object_repr": "Рубашка Черная, 1000", "action_flag": 1, "change_message": "[{\"added\": {}}]"}}, {"model": "admin.logentry", "pk": 65, "fields": {"action_time": "2021-05-11T18:16:32.744Z", "user": 1, "content_type": 9, "object_id": "33", "object_repr": "Рубашка Синяя, 450", "action_flag": 1, "change_message": "[{\"added\": {}}]"}}, {"model": "admin.logentry", "pk": 66, "fields": {"action_time": "2021-05-11T18:17:36.096Z", "user": 1, "content_type": 9, "object_id": "34", "object_repr": "Рубашка Зеленая, 1000", "action_flag": 1, "change_message": "[{\"added\": {}}]"}}, {"model": "admin.logentry", "pk": 67, "fields": {"action_time": "2021-05-11T18:18:49.054Z", "user": 1, "content_type": 9, "object_id": "35", "object_repr": "Рубашка Красная, 1020", "action_flag": 1, "change_message": "[{\"added\": {}}]"}}, {"model": "admin.logentry", "pk": 68, "fields": {"action_time": "2021-05-11T18:20:07.096Z", "user": 1, "content_type": 9, "object_id": "36", "object_repr": "Рубашка Желтая, 1030", "action_flag": 1, "change_message": "[{\"added\": {}}]"}}, {"model": "admin.logentry", "pk": 69, "fields": {"action_time": "2021-05-11T18:44:10.845Z", "user": 1, "content_type": 9, "object_id": "37", "object_repr": "Костюм Синий, 3500", "action_flag": 1, "change_message": "[{\"added\": {}}]"}}, {"model": "admin.logentry", "pk": 70, "fields": {"action_time": "2021-05-11T18:45:46.593Z", "user": 1, "content_type": 9, "object_id": "38", "object_repr": "Костюм ЕН, 4000", "action_flag": 1, "change_message": "[{\"added\": {}}]"}}, {"model": "admin.logentry", "pk": 71, "fields": {"action_time": "2021-05-11T18:47:09.247Z", "user": 1, "content_type": 9, "object_id": "39", "object_repr": "Костюм Серый, 3400", "action_flag": 1, "change_message": "[{\"added\": {}}]"}}, {"model": "admin.logentry", "pk": 72, "fields": {"action_time": "2021-05-11T18:48:04.849Z", "user": 1, "content_type": 9, "object_id": "40", "object_repr": "Костюм Италия, 5000", "action_flag": 1, "change_message": "[{\"added\": {}}]"}}, {"model": "admin.logentry", "pk": 73, "fields": {"action_time": "2021-05-11T18:49:06.109Z", "user": 1, "content_type": 9, "object_id": "41", "object_repr": "Костюм Белый, 4500", "action_flag": 1, "change_message": "[{\"added\": {}}]"}}, {"model": "admin.logentry", "pk": 74, "fields": {"action_time": "2021-05-11T18:56:30.768Z", "user": 1, "content_type": 9, "object_id": "42", "object_repr": "Брюки Голубые, 1000", "action_flag": 1, "change_message": "[{\"added\": {}}]"}}, {"model": "admin.logentry", "pk": 75, "fields": {"action_time": "2021-05-11T18:57:34.414Z", "user": 1, "content_type": 9, "object_id": "43", "object_repr": "Брюки Браун, 1040", "action_flag": 1, "change_message": "[{\"added\": {}}]"}}, {"model": "admin.logentry", "pk": 76, "fields": {"action_time": "2021-05-11T18:58:42.995Z", "user": 1, "content_type": 9, "object_id": "44", "object_repr": "Брюки Зеленые, 3000", "action_flag": 1, "change_message": "[{\"added\": {}}]"}}, {"model": "admin.logentry", "pk": 77, "fields": {"action_time": "2021-05-11T18:59:46.264Z", "user": 1, "content_type": 9, "object_id": "45", "object_repr": "Брюки Черные, 1050", "action_flag": 1, "change_message": "[{\"added\": {}}]"}}, {"model": "admin.logentry", "pk": 78, "fields": {"action_time": "2021-05-11T19:00:41.057Z", "user": 1, "content_type": 9, "object_id": "46", "object_repr": "Брюки Белые, 3000", "action_flag": 1, "change_message": "[{\"added\": {}}]"}}, {"model": "admin.logentry", "pk": 79, "fields": {"action_time": "2021-05-11T19:17:53.003Z", "user": 1, "content_type": 9, "object_id": "47", "object_repr": "Adidas, 500", "action_flag": 1, "change_message": "[{\"added\": {}}]"}}, {"model": "admin.logentry", "pk": 80, "fields": {"action_time": "2021-05-11T19:19:34.179Z", "user": 1, "content_type": 9, "object_id": "48", "object_repr": "Костюм Фиолетовый, 1000", "action_flag": 1, "change_message": "[{\"added\": {}}]"}}, {"model": "admin.logentry", "pk": 81, "fields": {"action_time": "2021-05-11T19:20:36.556Z", "user": 1, "content_type": 9, "object_id": "49", "object_repr": "Reebok, 1000", "action_flag": 1, "change_message": "[{\"added\": {}}]"}}, {"model": "admin.logentry", "pk": 82, "fields": {"action_time": "2021-05-11T19:22:08.612Z", "user": 1, "content_type": 9, "object_id": "50", "object_repr": "Костюм Розовый, 1000", "action_flag": 1, "change_message": "[{\"added\": {}}]"}}, {"model": "admin.logentry", "pk": 83, "fields": {"action_time": "2021-05-11T19:25:14.678Z", "user": 1, "content_type": 9, "object_id": "51", "object_repr": "Кроссовки Б, 2000", "action_flag": 1, "change_message": "[{\"added\": {}}]"}}, {"model": "admin.logentry", "pk": 84, "fields": {"action_time": "2021-05-11T19:27:28.472Z", "user": 1, "content_type": 9, "object_id": "52", "object_repr": "Кроссовки Розовые, 3400", "action_flag": 1, "change_message": "[{\"added\": {}}]"}}, {"model": "admin.logentry", "pk": 85, "fields": {"action_time": "2021-05-11T19:28:38.334Z", "user": 1, "content_type": 9, "object_id": "53", "object_repr": "Кроссовки Пинк, 2300", "action_flag": 1, "change_message": "[{\"added\": {}}]"}}, {"model": "admin.logentry", "pk": 86, "fields": {"action_time": "2021-05-11T19:29:54.949Z", "user": 1, "content_type": 9, "object_id": "54", "object_repr": "Кроссовки Белые, 2400", "action_flag": 1, "change_message": "[{\"added\": {}}]"}}, {"model": "admin.logentry", "pk": 87, "fields": {"action_time": "2021-05-11T19:45:20.131Z", "user": 1, "content_type": 9, "object_id": "55", "object_repr": "Сумка Цветная, 1000", "action_flag": 1, "change_message": "[{\"added\": {}}]"}}, {"model": "admin.logentry", "pk": 88, "fields": {"action_time": "2021-05-11T19:46:32.550Z", "user": 1, "content_type": 9, "object_id": "56", "object_repr": "Кепка, 1000", "action_flag": 1, "change_message": "[{\"added\": {}}]"}}, {"model": "admin.logentry", "pk": 89, "fields": {"action_time": "2021-05-11T19:47:31.655Z", "user": 1, "content_type": 9, "object_id": "57", "object_repr": "Очки, 1000", "action_flag": 1, "change_message": "[{\"added\": {}}]"}}, {"model": "admin.logentry", "pk": 90, "fields": {"action_time": "2021-05-11T19:48:32.606Z", "user": 1, "content_type": 9, "object_id": "58", "object_repr": "Шарф, 1000", "action_flag": 1, "change_message": "[{\"added\": {}}]"}}, {"model": "admin.logentry", "pk": 91, "fields": {"action_time": "2021-05-11T19:51:14.735Z", "user": 1, "content_type": 9, "object_id": "59", "object_repr": "Костюм Женский Черный, 4000", "action_flag": 1, "change_message": "[{\"added\": {}}]"}}, {"model": "admin.logentry", "pk": 92, "fields": {"action_time": "2021-05-11T19:52:43.478Z", "user": 1, "content_type": 9, "object_id": "60", "object_repr": "Костюм Женский Зеленый, 3500", "action_flag": 1, "change_message": "[{\"added\": {}}]"}}, {"model": "admin.logentry", "pk": 93, "fields": {"action_time": "2021-05-11T19:53:51.065Z", "user": 1, "content_type": 9, "object_id": "61", "object_repr": "Костюм Женский Красный, 4500", "action_flag": 1, "change_message": "[{\"added\": {}}]"}}, {"model": "admin.logentry", "pk": 94, "fields": {"action_time": "2021-05-11T19:54:56.028Z", "user": 1, "content_type": 9, "object_id": "62", "object_repr": "Костюм Женский Желтый, 3200", "action_flag": 1, "change_message": "[{\"added\": {}}]"}}, {"model": "admin.logentry", "pk": 95, "fields": {"action_time": "2021-05-11T19:55:55.280Z", "user": 1, "content_type": 9, "object_id": "63", "object_repr": "Костюм Женский Браун, 2300", "action_flag": 1, "change_message": "[{\"added\": {}}]"}}, {"model": "admin.logentry", "pk": 96, "fields": {"action_time": "2021-05-11T19:57:19.984Z", "user": 1, "content_type": 9, "object_id": "53", "object_repr": "Кроссовки Пинк, 2300.00", "action_flag": 2, "change_message": "[{\"changed\": {\"fields\": [\"Category\"]}}]"}}, {"model": "admin.logentry", "pk": 97, "fields": {"action_time": "2021-05-12T05:36:45.900Z", "user": 1, "content_type": 9, "object_id": "64", "object_repr": "Сумка Мужские Черная, 2000", "action_flag": 1, "change_message": "[{\"added\": {}}]"}}, {"model": "admin.logentry", "pk": 98, "fields": {"action_time": "2021-05-12T05:38:36.466Z", "user": 1, "content_type": 9, "object_id": "65", "object_repr": "Сумка Мужская Темная, 1000", "action_flag": 1, "change_message": "[{\"added\": {}}]"}}, {"model": "admin.logentry", "pk": 99, "fields": {"action_time": "2021-05-12T05:39:58.122Z", "user": 1, "content_type": 9, "object_id": "66", "object_repr": "Сумка Мужская Зеленая, 1000", "action_flag": 1, "change_message": "[{\"added\": {}}]"}}, {"model": "admin.logentry", "pk": 100, "fields": {"action_time": "2021-05-12T05:41:17.436Z", "user": 1, "content_type": 9, "object_id": "67", "object_repr": "Сумка Мужская Браун, 1200", "action_flag": 1, "change_message": "[{\"added\": {}}]"}}, {"model": "admin.logentry", "pk": 101, "fields": {"action_time": "2021-05-12T05:43:08.364Z", "user": 1, "content_type": 9, "object_id": "68", "object_repr": "Сумка Женская Черная, 1000", "action_flag": 1, "change_message": "[{\"added\": {}}]"}}, {"model": "admin.logentry", "pk": 102, "fields": {"action_time": "2021-05-12T05:44:38.586Z", "user": 1, "content_type": 9, "object_id": "69", "object_repr": "Сумка Женская Браун, 1240", "action_flag": 1, "change_message": "[{\"added\": {}}]"}}, {"model": "admin.logentry", "pk": 103, "fields": {"action_time": "2021-05-12T05:46:00.182Z", "user": 1, "content_type": 9, "object_id": "70", "object_repr": "Сумка Женская Красная, 2390", "action_flag": 1, "change_message": "[{\"added\": {}}]"}}, {"model": "admin.logentry", "pk": 104, "fields": {"action_time": "2021-05-12T05:47:25.085Z", "user": 1, "content_type": 9, "object_id": "71", "object_repr": "Сумка Женская Зеленая, 1200", "action_flag": 1, "change_message": "[{\"added\": {}}]"}}, {"model": "admin.logentry", "pk": 105, "fields": {"action_time": "2021-05-12T05:48:17.330Z", "user": 1, "content_type": 9, "object_id": "72", "object_repr": "Сумка Женская Зеленая, 1200", "action_flag": 1, "change_message": "[{\"added\": {}}]"}}, {"model": "admin.logentry", "pk": 106, "fields": {"action_time": "2021-05-12T05:52:13.849Z", "user": 1, "content_type": 9, "object_id": "73", "object_repr": "Чемодан Черный, 4000", "action_flag": 1, "change_message": "[{\"added\": {}}]"}}, {"model": "admin.logentry", "pk": 107, "fields": {"action_time": "2021-05-12T05:53:14.832Z", "user": 1, "content_type": 9, "object_id": "74", "object_repr": "Чемодан Синий, 2500", "action_flag": 1, "change_message": "[{\"added\": {}}]"}}, {"model": "admin.logentry", "pk": 108, "fields": {"action_time": "2021-05-12T05:54:37.014Z", "user": 1, "content_type": 9, "object_id": "75", "object_repr": "Чемодан Серый, 3400", "action_flag": 1, "change_message": "[{\"added\": {}}]"}}, {"model": "admin.logentry", "pk": 109, "fields": {"action_time": "2021-05-12T05:55:51.336Z", "user": 1, "content_type": 9, "object_id": "76", "object_repr": "Чемодан Браун, 2570", "action_flag": 1, "change_message": "[{\"added\": {}}]"}}, {"model": "admin.logentry", "pk": 110, "fields": {"action_time": "2021-05-12T05:59:06.906Z", "user": 1, "content_type": 9, "object_id": "77", "object_repr": "Сумка Спорт Адидас, 4900", "action_flag": 1, "change_message": "[{\"added\": {}}]"}}, {"model": "admin.logentry", "pk": 111, "fields": {"action_time": "2021-05-12T06:01:01.341Z", "user": 1, "content_type": 9, "object_id": "78", "object_repr": "Сумка Спорт Найк, 1000", "action_flag": 1, "change_message": "[{\"added\": {}}]"}}, {"model": "admin.logentry", "pk": 112, "fields": {"action_time": "2021-05-12T06:02:47.784Z", "user": 1, "content_type": 9, "object_id": "79", "object_repr": "Сумка Спорт nike, 2000", "action_flag": 1, "change_message": "[{\"added\": {}}]"}}, {"model": "admin.logentry", "pk": 113, "fields": {"action_time": "2021-05-12T06:04:18.124Z", "user": 1, "content_type": 9, "object_id": "80", "object_repr": "Сумка Зеленая Адидас, 3000", "action_flag": 1, "change_message": "[{\"added\": {}}]"}}, {"model": "admin.logentry", "pk": 114, "fields": {"action_time": "2021-05-12T06:04:47.496Z", "user": 1, "content_type": 9, "object_id": "78", "object_repr": "Сумка Спорт Найк, 1000.00", "action_flag": 2, "change_message": "[{\"changed\": {\"fields\": [\"Manufactura\"]}}]"}}, {"model": "admin.logentry", "pk": 115, "fields": {"action_time": "2021-05-13T13:04:30.719Z", "user": 1, "content_type": 9, "object_id": "47", "object_repr": "Adidas, 500.00", "action_flag": 2, "change_message": "[{\"changed\": {\"fields\": [\"Available\"]}}]"}}, {"model": "admin.logentry", "pk": 116, "fields": {"action_time": "2021-05-13T13:04:30.777Z", "user": 1, "content_type": 9, "object_id": "48", "object_repr": "Костюм Фиолетовый, 1000.00", "action_flag": 2, "change_message": "[{\"changed\": {\"fields\": [\"Available\"]}}]"}}, {"model": "admin.logentry", "pk": 117, "fields": {"action_time": "2021-05-13T13:04:30.874Z", "user": 1, "content_type": 9, "object_id": "51", "object_repr": "Кроссовки Б, 2000.00", "action_flag": 2, "change_message": "[{\"changed\": {\"fields\": [\"Available\"]}}]"}}, {"model": "admin.logentry", "pk": 118, "fields": {"action_time": "2021-05-13T13:04:30.923Z", "user": 1, "content_type": 9, "object_id": "53", "object_repr": "Кроссовки Пинк, 2300.00", "action_flag": 2, "change_message": "[{\"changed\": {\"fields\": [\"Available\"]}}]"}}, {"model": "admin.logentry", "pk": 119, "fields": {"action_time": "2021-05-13T13:04:30.978Z", "user": 1, "content_type": 9, "object_id": "52", "object_repr": "Кроссовки Розовые, 3400.00", "action_flag": 2, "change_message": "[{\"changed\": {\"fields\": [\"Available\"]}}]"}}, {"model": "admin.logentry", "pk": 120, "fields": {"action_time": "2021-05-13T13:04:31.039Z", "user": 1, "content_type": 9, "object_id": "16", "object_repr": "Пижама белая, 1000.00", "action_flag": 2, "change_message": "[{\"changed\": {\"fields\": [\"Available\"]}}]"}}, {"model": "admin.logentry", "pk": 121, "fields": {"action_time": "2021-05-13T13:04:31.094Z", "user": 1, "content_type": 9, "object_id": "17", "object_repr": "Пижама в цветы, 1000.00", "action_flag": 2, "change_message": "[{\"changed\": {\"fields\": [\"Available\"]}}]"}}, {"model": "admin.logentry", "pk": 122, "fields": {"action_time": "2021-05-13T13:04:31.151Z", "user": 1, "content_type": 9, "object_id": "19", "object_repr": "Пижама голубая, 1000.00", "action_flag": 2, "change_message": "[{\"changed\": {\"fields\": [\"Available\"]}}]"}}, {"model": "admin.logentry", "pk": 123, "fields": {"action_time": "2021-05-13T13:04:31.187Z", "user": 1, "content_type": 9, "object_id": "18", "object_repr": "Пижама со слоном, 2000.00", "action_flag": 2, "change_message": "[{\"changed\": {\"fields\": [\"Available\"]}}]"}}, {"model": "admin.logentry", "pk": 124, "fields": {"action_time": "2021-05-13T13:04:31.243Z", "user": 1, "content_type": 9, "object_id": "20", "object_repr": "Пижама цветная, 2300.00", "action_flag": 2, "change_message": "[{\"changed\": {\"fields\": [\"Available\"]}}]"}}, {"model": "admin.logentry", "pk": 125, "fields": {"action_time": "2021-05-13T13:04:31.283Z", "user": 1, "content_type": 9, "object_id": "80", "object_repr": "Сумка Зеленая Адидас, 3000.00", "action_flag": 2, "change_message": "[{\"changed\": {\"fields\": [\"Available\"]}}]"}}, {"model": "admin.logentry", "pk": 126, "fields": {"action_time": "2021-05-13T13:04:31.322Z", "user": 1, "content_type": 9, "object_id": "77", "object_repr": "Сумка Спорт Адидас, 4900.00", "action_flag": 2, "change_message": "[{\"changed\": {\"fields\": [\"Available\"]}}]"}}, {"model": "admin.logentry", "pk": 127, "fields": {"action_time": "2021-05-13T13:06:25.073Z", "user": 1, "content_type": 9, "object_id": "2", "object_repr": "Блуза Голубая, 1100.00", "action_flag": 2, "change_message": "[{\"changed\": {\"fields\": [\"Available\"]}}]"}}, {"model": "admin.logentry", "pk": 128, "fields": {"action_time": "2021-05-13T18:58:57.174Z", "user": 1, "content_type": 9, "object_id": "47", "object_repr": "Adidas, 500.00", "action_flag": 2, "change_message": "[{\"changed\": {\"fields\": [\"Available\"]}}]"}}, {"model": "admin.logentry", "pk": 129, "fields": {"action_time": "2021-05-13T18:58:57.215Z", "user": 1, "content_type": 9, "object_id": "49", "object_repr": "Reebok, 1000.00", "action_flag": 2, "change_message": "[{\"changed\": {\"fields\": [\"Available\"]}}]"}}, {"model": "admin.logentry", "pk": 130, "fields": {"action_time": "2021-05-13T18:58:57.280Z", "user": 1, "content_type": 9, "object_id": "2", "object_repr": "Блуза Голубая, 1100.00", "action_flag": 2, "change_message": "[{\"changed\": {\"fields\": [\"Available\"]}}]"}}, {"model": "admin.logentry", "pk": 131, "fields": {"action_time": "2021-05-13T18:58:57.344Z", "user": 1, "content_type": 9, "object_id": "4", "object_repr": "Блуза Зеленая, 1500.00", "action_flag": 2, "change_message": "[{\"changed\": {\"fields\": [\"Available\"]}}]"}}, {"model": "admin.logentry", "pk": 132, "fields": {"action_time": "2021-05-13T18:58:57.381Z", "user": 1, "content_type": 9, "object_id": "5", "object_repr": "Блуза Красная, 2300.00", "action_flag": 2, "change_message": "[{\"changed\": {\"fields\": [\"Available\"]}}]"}}, {"model": "admin.logentry", "pk": 133, "fields": {"action_time": "2021-05-13T18:58:57.444Z", "user": 1, "content_type": 9, "object_id": "1", "object_repr": "Блуза Леопардовая, 1000.00", "action_flag": 2, "change_message": "[{\"changed\": {\"fields\": [\"Available\"]}}]"}}, {"model": "admin.logentry", "pk": 134, "fields": {"action_time": "2021-05-13T18:58:57.483Z", "user": 1, "content_type": 9, "object_id": "3", "object_repr": "Блуза Темная, 2000.00", "action_flag": 2, "change_message": "[{\"changed\": {\"fields\": [\"Available\"]}}]"}}, {"model": "admin.logentry", "pk": 135, "fields": {"action_time": "2021-05-13T18:58:57.553Z", "user": 1, "content_type": 9, "object_id": "46", "object_repr": "Брюки Белые, 3000.00", "action_flag": 2, "change_message": "[{\"changed\": {\"fields\": [\"Available\"]}}]"}}, {"model": "admin.logentry", "pk": 136, "fields": {"action_time": "2021-05-13T18:58:57.603Z", "user": 1, "content_type": 9, "object_id": "43", "object_repr": "Брюки Браун, 1040.00", "action_flag": 2, "change_message": "[{\"changed\": {\"fields\": [\"Available\"]}}]"}}, {"model": "admin.logentry", "pk": 137, "fields": {"action_time": "2021-05-13T18:58:57.643Z", "user": 1, "content_type": 9, "object_id": "42", "object_repr": "Брюки Голубые, 1000.00", "action_flag": 2, "change_message": "[{\"changed\": {\"fields\": [\"Available\"]}}]"}}, {"model": "admin.logentry", "pk": 138, "fields": {"action_time": "2021-05-13T18:58:57.714Z", "user": 1, "content_type": 9, "object_id": "44", "object_repr": "Брюки Зеленые, 3000.00", "action_flag": 2, "change_message": "[{\"changed\": {\"fields\": [\"Available\"]}}]"}}, {"model": "admin.logentry", "pk": 139, "fields": {"action_time": "2021-05-13T18:58:57.776Z", "user": 1, "content_type": 9, "object_id": "45", "object_repr": "Брюки Черные, 1050.00", "action_flag": 2, "change_message": "[{\"changed\": {\"fields\": [\"Available\"]}}]"}}, {"model": "admin.logentry", "pk": 140, "fields": {"action_time": "2021-05-13T18:58:57.843Z", "user": 1, "content_type": 9, "object_id": "28", "object_repr": "Джинцы Классичнские, 1000.00", "action_flag": 2, "change_message": "[{\"changed\": {\"fields\": [\"Available\"]}}]"}}, {"model": "admin.logentry", "pk": 141, "fields": {"action_time": "2021-05-13T18:58:57.906Z", "user": 1, "content_type": 9, "object_id": "29", "object_repr": "Джинцы Темые, 1200.00", "action_flag": 2, "change_message": "[{\"changed\": {\"fields\": [\"Available\"]}}]"}}, {"model": "admin.logentry", "pk": 142, "fields": {"action_time": "2021-05-13T18:58:57.945Z", "user": 1, "content_type": 9, "object_id": "26", "object_repr": "Джинцы Черные, 1000.00", "action_flag": 2, "change_message": "[{\"changed\": {\"fields\": [\"Available\"]}}]"}}, {"model": "admin.logentry", "pk": 143, "fields": {"action_time": "2021-05-13T18:58:58.003Z", "user": 1, "content_type": 9, "object_id": "30", "object_repr": "Джинцы серые, 1200.00", "action_flag": 2, "change_message": "[{\"changed\": {\"fields\": [\"Available\"]}}]"}}, {"model": "admin.logentry", "pk": 144, "fields": {"action_time": "2021-05-13T18:58:58.070Z", "user": 1, "content_type": 9, "object_id": "27", "object_repr": "Джинцы синие, 1100.00", "action_flag": 2, "change_message": "[{\"changed\": {\"fields\": [\"Available\"]}}]"}}, {"model": "admin.logentry", "pk": 145, "fields": {"action_time": "2021-05-13T18:58:58.131Z", "user": 1, "content_type": 9, "object_id": "56", "object_repr": "Кепка, 1000.00", "action_flag": 2, "change_message": "[{\"changed\": {\"fields\": [\"Available\"]}}]"}}, {"model": "admin.logentry", "pk": 146, "fields": {"action_time": "2021-05-13T18:58:58.196Z", "user": 1, "content_type": 9, "object_id": "41", "object_repr": "Костюм Белый, 4500.00", "action_flag": 2, "change_message": "[{\"changed\": {\"fields\": [\"Available\"]}}]"}}, {"model": "admin.logentry", "pk": 147, "fields": {"action_time": "2021-05-13T18:58:58.214Z", "user": 1, "content_type": 9, "object_id": "38", "object_repr": "Костюм ЕН, 4000.00", "action_flag": 2, "change_message": "[{\"changed\": {\"fields\": [\"Available\"]}}]"}}, {"model": "admin.logentry", "pk": 148, "fields": {"action_time": "2021-05-13T18:58:58.268Z", "user": 1, "content_type": 9, "object_id": "63", "object_repr": "Костюм Женский Браун, 2300.00", "action_flag": 2, "change_message": "[{\"changed\": {\"fields\": [\"Available\"]}}]"}}, {"model": "admin.logentry", "pk": 149, "fields": {"action_time": "2021-05-13T18:58:58.318Z", "user": 1, "content_type": 9, "object_id": "62", "object_repr": "Костюм Женский Желтый, 3200.00", "action_flag": 2, "change_message": "[{\"changed\": {\"fields\": [\"Available\"]}}]"}}, {"model": "admin.logentry", "pk": 150, "fields": {"action_time": "2021-05-13T18:58:58.339Z", "user": 1, "content_type": 9, "object_id": "60", "object_repr": "Костюм Женский Зеленый, 3500.00", "action_flag": 2, "change_message": "[{\"changed\": {\"fields\": [\"Available\"]}}]"}}, {"model": "admin.logentry", "pk": 151, "fields": {"action_time": "2021-05-13T18:58:58.365Z", "user": 1, "content_type": 9, "object_id": "61", "object_repr": "Костюм Женский Красный, 4500.00", "action_flag": 2, "change_message": "[{\"changed\": {\"fields\": [\"Available\"]}}]"}}, {"model": "admin.logentry", "pk": 152, "fields": {"action_time": "2021-05-13T18:58:58.417Z", "user": 1, "content_type": 9, "object_id": "59", "object_repr": "Костюм Женский Черный, 4000.00", "action_flag": 2, "change_message": "[{\"changed\": {\"fields\": [\"Available\"]}}]"}}, {"model": "admin.logentry", "pk": 153, "fields": {"action_time": "2021-05-13T18:58:58.451Z", "user": 1, "content_type": 9, "object_id": "40", "object_repr": "Костюм Италия, 5000.00", "action_flag": 2, "change_message": "[{\"changed\": {\"fields\": [\"Available\"]}}]"}}, {"model": "admin.logentry", "pk": 154, "fields": {"action_time": "2021-05-13T18:58:58.500Z", "user": 1, "content_type": 9, "object_id": "50", "object_repr": "Костюм Розовый, 1000.00", "action_flag": 2, "change_message": "[{\"changed\": {\"fields\": [\"Available\"]}}]"}}, {"model": "admin.logentry", "pk": 155, "fields": {"action_time": "2021-05-13T18:58:58.523Z", "user": 1, "content_type": 9, "object_id": "39", "object_repr": "Костюм Серый, 3400.00", "action_flag": 2, "change_message": "[{\"changed\": {\"fields\": [\"Available\"]}}]"}}, {"model": "admin.logentry", "pk": 156, "fields": {"action_time": "2021-05-13T18:58:58.562Z", "user": 1, "content_type": 9, "object_id": "37", "object_repr": "Костюм Синий, 3500.00", "action_flag": 2, "change_message": "[{\"changed\": {\"fields\": [\"Available\"]}}]"}}, {"model": "admin.logentry", "pk": 157, "fields": {"action_time": "2021-05-13T18:58:58.589Z", "user": 1, "content_type": 9, "object_id": "48", "object_repr": "Костюм Фиолетовый, 1000.00", "action_flag": 2, "change_message": "[{\"changed\": {\"fields\": [\"Available\"]}}]"}}, {"model": "admin.logentry", "pk": 158, "fields": {"action_time": "2021-05-13T18:58:58.609Z", "user": 1, "content_type": 9, "object_id": "13", "object_repr": "Кофта Коричневая, 1000.00", "action_flag": 2, "change_message": "[{\"changed\": {\"fields\": [\"Available\"]}}]"}}, {"model": "admin.logentry", "pk": 159, "fields": {"action_time": "2021-05-13T18:58:58.650Z", "user": 1, "content_type": 9, "object_id": "11", "object_repr": "Кофта белая, 2300.00", "action_flag": 2, "change_message": "[{\"changed\": {\"fields\": [\"Available\"]}}]"}}, {"model": "admin.logentry", "pk": 160, "fields": {"action_time": "2021-05-13T18:58:58.707Z", "user": 1, "content_type": 9, "object_id": "14", "object_repr": "Кофта желтая, 3000.00", "action_flag": 2, "change_message": "[{\"changed\": {\"fields\": [\"Available\"]}}]"}}, {"model": "admin.logentry", "pk": 161, "fields": {"action_time": "2021-05-13T18:58:58.730Z", "user": 1, "content_type": 9, "object_id": "15", "object_repr": "Кофта красная, 2300.00", "action_flag": 2, "change_message": "[{\"changed\": {\"fields\": [\"Available\"]}}]"}}, {"model": "admin.logentry", "pk": 162, "fields": {"action_time": "2021-05-13T18:58:58.776Z", "user": 1, "content_type": 9, "object_id": "12", "object_repr": "Кофта цветная, 4000.00", "action_flag": 2, "change_message": "[{\"changed\": {\"fields\": [\"Available\"]}}]"}}, {"model": "admin.logentry", "pk": 163, "fields": {"action_time": "2021-05-13T18:58:58.799Z", "user": 1, "content_type": 9, "object_id": "51", "object_repr": "Кроссовки Б, 2000.00", "action_flag": 2, "change_message": "[{\"changed\": {\"fields\": [\"Available\"]}}]"}}, {"model": "admin.logentry", "pk": 164, "fields": {"action_time": "2021-05-13T18:58:58.838Z", "user": 1, "content_type": 9, "object_id": "54", "object_repr": "Кроссовки Белые, 2400.00", "action_flag": 2, "change_message": "[{\"changed\": {\"fields\": [\"Available\"]}}]"}}, {"model": "admin.logentry", "pk": 165, "fields": {"action_time": "2021-05-13T18:58:58.875Z", "user": 1, "content_type": 9, "object_id": "53", "object_repr": "Кроссовки Пинк, 2300.00", "action_flag": 2, "change_message": "[{\"changed\": {\"fields\": [\"Available\"]}}]"}}, {"model": "admin.logentry", "pk": 166, "fields": {"action_time": "2021-05-13T18:58:58.914Z", "user": 1, "content_type": 9, "object_id": "52", "object_repr": "Кроссовки Розовые, 3400.00", "action_flag": 2, "change_message": "[{\"changed\": {\"fields\": [\"Available\"]}}]"}}, {"model": "admin.logentry", "pk": 167, "fields": {"action_time": "2021-05-13T18:58:58.951Z", "user": 1, "content_type": 9, "object_id": "23", "object_repr": "Куртка зеленая, 2100.00", "action_flag": 2, "change_message": "[{\"changed\": {\"fields\": [\"Available\"]}}]"}}, {"model": "admin.logentry", "pk": 168, "fields": {"action_time": "2021-05-13T18:58:58.986Z", "user": 1, "content_type": 9, "object_id": "25", "object_repr": "Куртка красная, 3000.00", "action_flag": 2, "change_message": "[{\"changed\": {\"fields\": [\"Available\"]}}]"}}, {"model": "admin.logentry", "pk": 169, "fields": {"action_time": "2021-05-13T18:58:59.025Z", "user": 1, "content_type": 9, "object_id": "24", "object_repr": "Куртка оранжевая, 3200.00", "action_flag": 2, "change_message": "[{\"changed\": {\"fields\": [\"Available\"]}}]"}}, {"model": "admin.logentry", "pk": 170, "fields": {"action_time": "2021-05-13T18:58:59.080Z", "user": 1, "content_type": 9, "object_id": "22", "object_repr": "Куртка темная, 2400.00", "action_flag": 2, "change_message": "[{\"changed\": {\"fields\": [\"Available\"]}}]"}}, {"model": "admin.logentry", "pk": 171, "fields": {"action_time": "2021-05-13T18:58:59.126Z", "user": 1, "content_type": 9, "object_id": "21", "object_repr": "Куртка черная, 2000.00", "action_flag": 2, "change_message": "[{\"changed\": {\"fields\": [\"Available\"]}}]"}}, {"model": "admin.logentry", "pk": 172, "fields": {"action_time": "2021-05-13T18:58:59.171Z", "user": 1, "content_type": 9, "object_id": "57", "object_repr": "Очки, 1000.00", "action_flag": 2, "change_message": "[{\"changed\": {\"fields\": [\"Available\"]}}]"}}, {"model": "admin.logentry", "pk": 173, "fields": {"action_time": "2021-05-13T18:58:59.211Z", "user": 1, "content_type": 9, "object_id": "16", "object_repr": "Пижама белая, 1000.00", "action_flag": 2, "change_message": "[{\"changed\": {\"fields\": [\"Available\"]}}]"}}, {"model": "admin.logentry", "pk": 174, "fields": {"action_time": "2021-05-13T18:58:59.244Z", "user": 1, "content_type": 9, "object_id": "17", "object_repr": "Пижама в цветы, 1000.00", "action_flag": 2, "change_message": "[{\"changed\": {\"fields\": [\"Available\"]}}]"}}, {"model": "admin.logentry", "pk": 175, "fields": {"action_time": "2021-05-13T18:58:59.268Z", "user": 1, "content_type": 9, "object_id": "19", "object_repr": "Пижама голубая, 1000.00", "action_flag": 2, "change_message": "[{\"changed\": {\"fields\": [\"Available\"]}}]"}}, {"model": "admin.logentry", "pk": 176, "fields": {"action_time": "2021-05-13T18:58:59.330Z", "user": 1, "content_type": 9, "object_id": "18", "object_repr": "Пижама со слоном, 2000.00", "action_flag": 2, "change_message": "[{\"changed\": {\"fields\": [\"Available\"]}}]"}}, {"model": "admin.logentry", "pk": 177, "fields": {"action_time": "2021-05-13T18:58:59.351Z", "user": 1, "content_type": 9, "object_id": "20", "object_repr": "Пижама цветная, 2300.00", "action_flag": 2, "change_message": "[{\"changed\": {\"fields\": [\"Available\"]}}]"}}, {"model": "admin.logentry", "pk": 178, "fields": {"action_time": "2021-05-13T18:58:59.370Z", "user": 1, "content_type": 9, "object_id": "8", "object_repr": "Платье белое, 2000.00", "action_flag": 2, "change_message": "[{\"changed\": {\"fields\": [\"Available\"]}}]"}}, {"model": "admin.logentry", "pk": 179, "fields": {"action_time": "2021-05-13T18:58:59.412Z", "user": 1, "content_type": 9, "object_id": "9", "object_repr": "Платье желтое, 4000.00", "action_flag": 2, "change_message": "[{\"changed\": {\"fields\": [\"Available\"]}}]"}}, {"model": "admin.logentry", "pk": 180, "fields": {"action_time": "2021-05-13T18:58:59.478Z", "user": 1, "content_type": 9, "object_id": "7", "object_repr": "Платье зеленое, 1500.00", "action_flag": 2, "change_message": "[{\"changed\": {\"fields\": [\"Available\"]}}]"}}, {"model": "admin.logentry", "pk": 181, "fields": {"action_time": "2021-05-13T18:58:59.535Z", "user": 1, "content_type": 9, "object_id": "6", "object_repr": "Платье темное, 3200.00", "action_flag": 2, "change_message": "[{\"changed\": {\"fields\": [\"Available\"]}}]"}}, {"model": "admin.logentry", "pk": 182, "fields": {"action_time": "2021-05-13T18:58:59.557Z", "user": 1, "content_type": 9, "object_id": "10", "object_repr": "Платьу цветное, 3200.00", "action_flag": 2, "change_message": "[{\"changed\": {\"fields\": [\"Available\"]}}]"}}, {"model": "admin.logentry", "pk": 183, "fields": {"action_time": "2021-05-13T18:58:59.615Z", "user": 1, "content_type": 9, "object_id": "36", "object_repr": "Рубашка Желтая, 1030.00", "action_flag": 2, "change_message": "[{\"changed\": {\"fields\": [\"Available\"]}}]"}}, {"model": "admin.logentry", "pk": 184, "fields": {"action_time": "2021-05-13T18:58:59.648Z", "user": 1, "content_type": 9, "object_id": "34", "object_repr": "Рубашка Зеленая, 1000.00", "action_flag": 2, "change_message": "[{\"changed\": {\"fields\": [\"Available\"]}}]"}}, {"model": "admin.logentry", "pk": 185, "fields": {"action_time": "2021-05-13T18:58:59.700Z", "user": 1, "content_type": 9, "object_id": "35", "object_repr": "Рубашка Красная, 1020.00", "action_flag": 2, "change_message": "[{\"changed\": {\"fields\": [\"Available\"]}}]"}}, {"model": "admin.logentry", "pk": 186, "fields": {"action_time": "2021-05-13T18:58:59.735Z", "user": 1, "content_type": 9, "object_id": "33", "object_repr": "Рубашка Синяя, 450.00", "action_flag": 2, "change_message": "[{\"changed\": {\"fields\": [\"Available\"]}}]"}}, {"model": "admin.logentry", "pk": 187, "fields": {"action_time": "2021-05-13T18:58:59.756Z", "user": 1, "content_type": 9, "object_id": "32", "object_repr": "Рубашка Черная, 1000.00", "action_flag": 2, "change_message": "[{\"changed\": {\"fields\": [\"Available\"]}}]"}}, {"model": "admin.logentry", "pk": 188, "fields": {"action_time": "2021-05-13T18:58:59.775Z", "user": 1, "content_type": 9, "object_id": "69", "object_repr": "Сумка Женская Браун, 1240.00", "action_flag": 2, "change_message": "[{\"changed\": {\"fields\": [\"Available\"]}}]"}}, {"model": "admin.logentry", "pk": 189, "fields": {"action_time": "2021-05-13T18:58:59.815Z", "user": 1, "content_type": 9, "object_id": "72", "object_repr": "Сумка Женская Зеленая, 1200.00", "action_flag": 2, "change_message": "[{\"changed\": {\"fields\": [\"Available\"]}}]"}}, {"model": "admin.logentry", "pk": 190, "fields": {"action_time": "2021-05-13T18:58:59.861Z", "user": 1, "content_type": 9, "object_id": "71", "object_repr": "Сумка Женская Зеленая, 1200.00", "action_flag": 2, "change_message": "[{\"changed\": {\"fields\": [\"Available\"]}}]"}}, {"model": "admin.logentry", "pk": 191, "fields": {"action_time": "2021-05-13T18:58:59.956Z", "user": 1, "content_type": 9, "object_id": "70", "object_repr": "Сумка Женская Красная, 2390.00", "action_flag": 2, "change_message": "[{\"changed\": {\"fields\": [\"Available\"]}}]"}}, {"model": "admin.logentry", "pk": 192, "fields": {"action_time": "2021-05-13T18:58:59.995Z", "user": 1, "content_type": 9, "object_id": "68", "object_repr": "Сумка Женская Черная, 1000.00", "action_flag": 2, "change_message": "[{\"changed\": {\"fields\": [\"Available\"]}}]"}}, {"model": "admin.logentry", "pk": 193, "fields": {"action_time": "2021-05-13T18:59:00.032Z", "user": 1, "content_type": 9, "object_id": "80", "object_repr": "Сумка Зеленая Адидас, 3000.00", "action_flag": 2, "change_message": "[{\"changed\": {\"fields\": [\"Available\"]}}]"}}, {"model": "admin.logentry", "pk": 194, "fields": {"action_time": "2021-05-13T18:59:00.075Z", "user": 1, "content_type": 9, "object_id": "67", "object_repr": "Сумка Мужская Браун, 1200.00", "action_flag": 2, "change_message": "[{\"changed\": {\"fields\": [\"Available\"]}}]"}}, {"model": "admin.logentry", "pk": 195, "fields": {"action_time": "2021-05-13T18:59:00.113Z", "user": 1, "content_type": 9, "object_id": "66", "object_repr": "Сумка Мужская Зеленая, 1000.00", "action_flag": 2, "change_message": "[{\"changed\": {\"fields\": [\"Available\"]}}]"}}, {"model": "admin.logentry", "pk": 196, "fields": {"action_time": "2021-05-13T18:59:00.145Z", "user": 1, "content_type": 9, "object_id": "65", "object_repr": "Сумка Мужская Темная, 1000.00", "action_flag": 2, "change_message": "[{\"changed\": {\"fields\": [\"Available\"]}}]"}}, {"model": "admin.logentry", "pk": 197, "fields": {"action_time": "2021-05-13T18:59:00.187Z", "user": 1, "content_type": 9, "object_id": "64", "object_repr": "Сумка Мужские Черная, 2000.00", "action_flag": 2, "change_message": "[{\"changed\": {\"fields\": [\"Available\"]}}]"}}, {"model": "admin.logentry", "pk": 198, "fields": {"action_time": "2021-05-13T18:59:00.224Z", "user": 1, "content_type": 9, "object_id": "79", "object_repr": "Сумка Спорт nike, 2000.00", "action_flag": 2, "change_message": "[{\"changed\": {\"fields\": [\"Available\"]}}]"}}, {"model": "admin.logentry", "pk": 199, "fields": {"action_time": "2021-05-13T18:59:00.299Z", "user": 1, "content_type": 9, "object_id": "77", "object_repr": "Сумка Спорт Адидас, 4900.00", "action_flag": 2, "change_message": "[{\"changed\": {\"fields\": [\"Available\"]}}]"}}, {"model": "admin.logentry", "pk": 200, "fields": {"action_time": "2021-05-13T18:59:00.330Z", "user": 1, "content_type": 9, "object_id": "78", "object_repr": "Сумка Спорт Найк, 1000.00", "action_flag": 2, "change_message": "[{\"changed\": {\"fields\": [\"Available\"]}}]"}}, {"model": "admin.logentry", "pk": 201, "fields": {"action_time": "2021-05-13T18:59:00.385Z", "user": 1, "content_type": 9, "object_id": "55", "object_repr": "Сумка Цветная, 1000.00", "action_flag": 2, "change_message": "[{\"changed\": {\"fields\": [\"Available\"]}}]"}}, {"model": "admin.logentry", "pk": 202, "fields": {"action_time": "2021-05-13T18:59:00.420Z", "user": 1, "content_type": 9, "object_id": "76", "object_repr": "Чемодан Браун, 2570.00", "action_flag": 2, "change_message": "[{\"changed\": {\"fields\": [\"Available\"]}}]"}}, {"model": "admin.logentry", "pk": 203, "fields": {"action_time": "2021-05-13T18:59:00.456Z", "user": 1, "content_type": 9, "object_id": "75", "object_repr": "Чемодан Серый, 3400.00", "action_flag": 2, "change_message": "[{\"changed\": {\"fields\": [\"Available\"]}}]"}}, {"model": "admin.logentry", "pk": 204, "fields": {"action_time": "2021-05-13T18:59:00.496Z", "user": 1, "content_type": 9, "object_id": "74", "object_repr": "Чемодан Синий, 2500.00", "action_flag": 2, "change_message": "[{\"changed\": {\"fields\": [\"Available\"]}}]"}}, {"model": "admin.logentry", "pk": 205, "fields": {"action_time": "2021-05-13T18:59:00.536Z", "user": 1, "content_type": 9, "object_id": "73", "object_repr": "Чемодан Черный, 4000.00", "action_flag": 2, "change_message": "[{\"changed\": {\"fields\": [\"Available\"]}}]"}}, {"model": "admin.logentry", "pk": 206, "fields": {"action_time": "2021-05-13T18:59:00.557Z", "user": 1, "content_type": 9, "object_id": "58", "object_repr": "Шарф, 1000.00", "action_flag": 2, "change_message": "[{\"changed\": {\"fields\": [\"Available\"]}}]"}}, {"model": "admin.logentry", "pk": 207, "fields": {"action_time": "2021-05-15T20:55:30.466Z", "user": 1, "content_type": 9, "object_id": "9", "object_repr": "Платье желтое, 4000.00", "action_flag": 2, "change_message": "[{\"changed\": {\"fields\": [\"Available\"]}}]"}}, {"model": "admin.logentry", "pk": 208, "fields": {"action_time": "2021-05-15T20:55:30.524Z", "user": 1, "content_type": 9, "object_id": "7", "object_repr": "Платье зеленое, 1500.00", "action_flag": 2, "change_message": "[{\"changed\": {\"fields\": [\"Available\"]}}]"}}, {"model": "admin.logentry", "pk": 209, "fields": {"action_time": "2021-05-15T21:29:56.673Z", "user": 1, "content_type": 15, "object_id": "1", "object_repr": "380676569239", "action_flag": 1, "change_message": "[{\"added\": {}}]"}}, {"model": "admin.logentry", "pk": 210, "fields": {"action_time": "2021-05-15T21:30:32.864Z", "user": 1, "content_type": 14, "object_id": "1", "object_repr": "Киев, пр. Комарова, 1", "action_flag": 1, "change_message": "[{\"added\": {}}]"}}, {"model": "admin.logentry", "pk": 211, "fields": {"action_time": "2021-05-15T21:31:28.001Z", "user": 1, "content_type": 12, "object_id": "1", "object_repr": "Пн - Вс: с 10 до 23", "action_flag": 1, "change_message": "[{\"added\": {}}]"}}, {"model": "admin.logentry", "pk": 212, "fields": {"action_time": "2021-05-15T21:31:28.113Z", "user": 1, "content_type": 12, "object_id": "2", "object_repr": "Пн - Вс: с 10 до 23", "action_flag": 1, "change_message": "[{\"added\": {}}]"}}, {"model": "admin.logentry", "pk": 213, "fields": {"action_time": "2021-05-15T21:31:56.360Z", "user": 1, "content_type": 13, "object_id": "1", "object_repr": "Киев, пр. Комарова, 1, 380676569239", "action_flag": 1, "change_message": "[{\"added\": {}}]"}}, {"model": "admin.logentry", "pk": 214, "fields": {"action_time": "2021-05-15T21:31:56.480Z", "user": 1, "content_type": 13, "object_id": "2", "object_repr": "Киев, пр. Комарова, 1, 380676569239", "action_flag": 1, "change_message": "[{\"added\": {}}]"}}, {"model": "admin.logentry", "pk": 215, "fields": {"action_time": "2021-05-16T13:57:15.856Z", "user": 1, "content_type": 15, "object_id": "1", "object_repr": "380676569239", "action_flag": 2, "change_message": "[]"}}, {"model": "admin.logentry", "pk": 216, "fields": {"action_time": "2021-05-16T13:57:15.952Z", "user": 1, "content_type": 15, "object_id": "1", "object_repr": "380676569239", "action_flag": 2, "change_message": "[]"}}, {"model": "admin.logentry", "pk": 217, "fields": {"action_time": "2021-05-16T13:57:34.132Z", "user": 1, "content_type": 14, "object_id": "2", "object_repr": "Чоп, ул. Хоревая, 10", "action_flag": 1, "change_message": "[{\"added\": {}}]"}}, {"model": "admin.logentry", "pk": 218, "fields": {"action_time": "2021-05-16T13:57:34.173Z", "user": 1, "content_type": 14, "object_id": "3", "object_repr": "Чоп, ул. Хоревая, 10", "action_flag": 1, "change_message": "[{\"added\": {}}]"}}, {"model": "admin.logentry", "pk": 219, "fields": {"action_time": "2021-05-16T13:57:48.620Z", "user": 1, "content_type": 14, "object_id": "3", "object_repr": "Чоп, ул. Хоревая, 10", "action_flag": 3, "change_message": ""}}, {"model": "admin.logentry", "pk": 220, "fields": {"action_time": "2021-05-16T13:58:03.828Z", "user": 1, "content_type": 15, "object_id": "2", "object_repr": "0676569238", "action_flag": 1, "change_message": "[{\"added\": {}}]"}}, {"model": "admin.logentry", "pk": 221, "fields": {"action_time": "2021-05-16T13:58:21.428Z", "user": 1, "content_type": 13, "object_id": "1", "object_repr": "Киев, пр. Комарова, 1, 380676569239", "action_flag": 3, "change_message": ""}}, {"model": "admin.logentry", "pk": 222, "fields": {"action_time": "2021-05-16T13:59:13.884Z", "user": 1, "content_type": 13, "object_id": "3", "object_repr": "Чоп, ул. Хоревая, 10, 0676569238", "action_flag": 1, "change_message": "[{\"added\": {}}]"}}, {"model": "admin.logentry", "pk": 223, "fields": {"action_time": "2021-05-16T13:59:13.977Z", "user": 1, "content_type": 13, "object_id": "4", "object_repr": "Чоп, ул. Хоревая, 10, 0676569238", "action_flag": 1, "change_message": "[{\"added\": {}}]"}}, {"model": "admin.logentry", "pk": 224, "fields": {"action_time": "2021-05-16T13:59:28.673Z", "user": 1, "content_type": 13, "object_id": "4", "object_repr": "Чоп, ул. Хоревая, 10, 0676569238", "action_flag": 3, "change_message": ""}}, {"model": "admin.logentry", "pk": 225, "fields": {"action_time": "2021-05-16T16:00:17.253Z", "user": 1, "content_type": 7, "object_id": "7", "object_repr": "Акция:31", "action_flag": 2, "change_message": "[{\"changed\": {\"fields\": [\"Title\"]}}]"}}, {"model": "admin.logentry", "pk": 226, "fields": {"action_time": "2021-05-16T16:02:12.121Z", "user": 1, "content_type": 8, "object_id": "19", "object_repr": "Акция", "action_flag": 1, "change_message": "[{\"added\": {}}]"}}, {"model": "admin.logentry", "pk": 227, "fields": {"action_time": "2021-05-16T16:08:14.648Z", "user": 1, "content_type": 9, "object_id": "81", "object_repr": "Джинцы Женские, 2000", "action_flag": 1, "change_message": "[{\"added\": {}}]"}}, {"model": "admin.logentry", "pk": 228, "fields": {"action_time": "2021-05-16T16:40:41.900Z", "user": 1, "content_type": 9, "object_id": "81", "object_repr": "Джинцы Женские, 2000.00", "action_flag": 2, "change_message": "[{\"changed\": {\"fields\": [\"Available\"]}}]"}}, {"model": "admin.logentry", "pk": 229, "fields": {"action_time": "2021-05-16T16:40:41.940Z", "user": 1, "content_type": 9, "object_id": "29", "object_repr": "Джинцы Темые, 1200.00", "action_flag": 2, "change_message": "[{\"changed\": {\"fields\": [\"Available\"]}}]"}}, {"model": "admin.logentry", "pk": 230, "fields": {"action_time": "2021-05-16T16:40:41.988Z", "user": 1, "content_type": 9, "object_id": "35", "object_repr": "Рубашка Красная, 1020.00", "action_flag": 2, "change_message": "[{\"changed\": {\"fields\": [\"Available\"]}}]"}}, {"model": "admin.logentry", "pk": 231, "fields": {"action_time": "2021-05-16T16:40:42.036Z", "user": 1, "content_type": 9, "object_id": "76", "object_repr": "Чемодан Браун, 2570.00", "action_flag": 2, "change_message": "[{\"changed\": {\"fields\": [\"Available\"]}}]"}}, {"model": "admin.logentry", "pk": 232, "fields": {"action_time": "2021-05-16T16:40:42.108Z", "user": 1, "content_type": 9, "object_id": "75", "object_repr": "Чемодан Серый, 3400.00", "action_flag": 2, "change_message": "[{\"changed\": {\"fields\": [\"Available\"]}}]"}}, {"model": "admin.logentry", "pk": 233, "fields": {"action_time": "2021-05-16T20:08:10.446Z", "user": 1, "content_type": 11, "object_id": "1", "object_repr": "Время одеваться стильно!    Время предложить покупателю только самое лучшее!   Вас приветствует интерактивная торговая площадка, где Вы сможете купить обувь и одежду без рядов ОПТОМ и в РОЗНИЦУ.   Луч", "action_flag": 1, "change_message": "[{\"added\": {}}]"}}, {"model": "admin.logentry", "pk": 234, "fields": {"action_time": "2021-05-21T13:00:16.595Z", "user": 1, "content_type": 3, "object_id": "2", "object_repr": "manager", "action_flag": 2, "change_message": "[{\"changed\": {\"fields\": [\"Permissions\"]}}]"}}, {"model": "auth.permission", "pk": 1, "fields": {"name": "Can add log entry", "content_type": 1, "codename": "add_logentry"}}, {"model": "auth.permission", "pk": 2, "fields": {"name": "Can change log entry", "content_type": 1, "codename": "change_logentry"}}, {"model": "auth.permission", "pk": 3, "fields": {"name": "Can delete log entry", "content_type": 1, "codename": "delete_logentry"}}, {"model": "auth.permission", "pk": 4, "fields": {"name": "Can view log entry", "content_type": 1, "codename": "view_logentry"}}, {"model": "auth.permission", "pk": 5, "fields": {"name": "Can add permission", "content_type": 2, "codename": "add_permission"}}, {"model": "auth.permission", "pk": 6, "fields": {"name": "Can change permission", "content_type": 2, "codename": "change_permission"}}, {"model": "auth.permission", "pk": 7, "fields": {"name": "Can delete permission", "content_type": 2, "codename": "delete_permission"}}, {"model": "auth.permission", "pk": 8, "fields": {"name": "Can view permission", "content_type": 2, "codename": "view_permission"}}, {"model": "auth.permission", "pk": 9, "fields": {"name": "Can add group", "content_type": 3, "codename": "add_group"}}, {"model": "auth.permission", "pk": 10, "fields": {"name": "Can change group", "content_type": 3, "codename": "change_group"}}, {"model": "auth.permission", "pk": 11, "fields": {"name": "Can delete group", "content_type": 3, "codename": "delete_group"}}, {"model": "auth.permission", "pk": 12, "fields": {"name": "Can view group", "content_type": 3, "codename": "view_group"}}, {"model": "auth.permission", "pk": 13, "fields": {"name": "Can add user", "content_type": 4, "codename": "add_user"}}, {"model": "auth.permission", "pk": 14, "fields": {"name": "Can change user", "content_type": 4, "codename": "change_user"}}, {"model": "auth.permission", "pk": 15, "fields": {"name": "Can delete user", "content_type": 4, "codename": "delete_user"}}, {"model": "auth.permission", "pk": 16, "fields": {"name": "Can view user", "content_type": 4, "codename": "view_user"}}, {"model": "auth.permission", "pk": 17, "fields": {"name": "Can add content type", "content_type": 5, "codename": "add_contenttype"}}, {"model": "auth.permission", "pk": 18, "fields": {"name": "Can change content type", "content_type": 5, "codename": "change_contenttype"}}, {"model": "auth.permission", "pk": 19, "fields": {"name": "Can delete content type", "content_type": 5, "codename": "delete_contenttype"}}, {"model": "auth.permission", "pk": 20, "fields": {"name": "Can view content type", "content_type": 5, "codename": "view_contenttype"}}, {"model": "auth.permission", "pk": 21, "fields": {"name": "Can add session", "content_type": 6, "codename": "add_session"}}, {"model": "auth.permission", "pk": 22, "fields": {"name": "Can change session", "content_type": 6, "codename": "change_session"}}, {"model": "auth.permission", "pk": 23, "fields": {"name": "Can delete session", "content_type": 6, "codename": "delete_session"}}, {"model": "auth.permission", "pk": 24, "fields": {"name": "Can view session", "content_type": 6, "codename": "view_session"}}, {"model": "auth.permission", "pk": 25, "fields": {"name": "Can add category", "content_type": 7, "codename": "add_category"}}, {"model": "auth.permission", "pk": 26, "fields": {"name": "Can change category", "content_type": 7, "codename": "change_category"}}, {"model": "auth.permission", "pk": 27, "fields": {"name": "Can delete category", "content_type": 7, "codename": "delete_category"}}, {"model": "auth.permission", "pk": 28, "fields": {"name": "Can view category", "content_type": 7, "codename": "view_category"}}, {"model": "auth.permission", "pk": 29, "fields": {"name": "Can add kind", "content_type": 8, "codename": "add_kind"}}, {"model": "auth.permission", "pk": 30, "fields": {"name": "Can change kind", "content_type": 8, "codename": "change_kind"}}, {"model": "auth.permission", "pk": 31, "fields": {"name": "Can delete kind", "content_type": 8, "codename": "delete_kind"}}, {"model": "auth.permission", "pk": 32, "fields": {"name": "Can view kind", "content_type": 8, "codename": "view_kind"}}, {"model": "auth.permission", "pk": 33, "fields": {"name": "Can add product", "content_type": 9, "codename": "add_product"}}, {"model": "auth.permission", "pk": 34, "fields": {"name": "Can change product", "content_type": 9, "codename": "change_product"}}, {"model": "auth.permission", "pk": 35, "fields": {"name": "Can delete product", "content_type": 9, "codename": "delete_product"}}, {"model": "auth.permission", "pk": 36, "fields": {"name": "Can view product", "content_type": 9, "codename": "view_product"}}, {"model": "auth.permission", "pk": 37, "fields": {"name": "Can add message", "content_type": 10, "codename": "add_message"}}, {"model": "auth.permission", "pk": 38, "fields": {"name": "Can change message", "content_type": 10, "codename": "change_message"}}, {"model": "auth.permission", "pk": 39, "fields": {"name": "Can delete message", "content_type": 10, "codename": "delete_message"}}, {"model": "auth.permission", "pk": 40, "fields": {"name": "Can view message", "content_type": 10, "codename": "view_message"}}, {"model": "auth.permission", "pk": 41, "fields": {"name": "Can add about us", "content_type": 11, "codename": "add_aboutus"}}, {"model": "auth.permission", "pk": 42, "fields": {"name": "Can change about us", "content_type": 11, "codename": "change_aboutus"}}, {"model": "auth.permission", "pk": 43, "fields": {"name": "Can delete about us", "content_type": 11, "codename": "delete_aboutus"}}, {"model": "auth.permission", "pk": 44, "fields": {"name": "Can view about us", "content_type": 11, "codename": "view_aboutus"}}, {"model": "auth.permission", "pk": 45, "fields": {"name": "Can add opening hours", "content_type": 12, "codename": "add_openinghours"}}, {"model": "auth.permission", "pk": 46, "fields": {"name": "Can change opening hours", "content_type": 12, "codename": "change_openinghours"}}, {"model": "auth.permission", "pk": 47, "fields": {"name": "Can delete opening hours", "content_type": 12, "codename": "delete_openinghours"}}, {"model": "auth.permission", "pk": 48, "fields": {"name": "Can view opening hours", "content_type": 12, "codename": "view_openinghours"}}, {"model": "auth.permission", "pk": 49, "fields": {"name": "Can add shop info", "content_type": 13, "codename": "add_shopinfo"}}, {"model": "auth.permission", "pk": 50, "fields": {"name": "Can change shop info", "content_type": 13, "codename": "change_shopinfo"}}, {"model": "auth.permission", "pk": 51, "fields": {"name": "Can delete shop info", "content_type": 13, "codename": "delete_shopinfo"}}, {"model": "auth.permission", "pk": 52, "fields": {"name": "Can view shop info", "content_type": 13, "codename": "view_shopinfo"}}, {"model": "auth.permission", "pk": 53, "fields": {"name": "Can add adress", "content_type": 14, "codename": "add_adress"}}, {"model": "auth.permission", "pk": 54, "fields": {"name": "Can change adress", "content_type": 14, "codename": "change_adress"}}, {"model": "auth.permission", "pk": 55, "fields": {"name": "Can delete adress", "content_type": 14, "codename": "delete_adress"}}, {"model": "auth.permission", "pk": 56, "fields": {"name": "Can view adress", "content_type": 14, "codename": "view_adress"}}, {"model": "auth.permission", "pk": 57, "fields": {"name": "Can add phone", "content_type": 15, "codename": "add_phone"}}, {"model": "auth.permission", "pk": 58, "fields": {"name": "Can change phone", "content_type": 15, "codename": "change_phone"}}, {"model": "auth.permission", "pk": 59, "fields": {"name": "Can delete phone", "content_type": 15, "codename": "delete_phone"}}, {"model": "auth.permission", "pk": 60, "fields": {"name": "Can view phone", "content_type": 15, "codename": "view_phone"}}, {"model": "auth.permission", "pk": 61, "fields": {"name": "Can add order", "content_type": 16, "codename": "add_order"}}, {"model": "auth.permission", "pk": 62, "fields": {"name": "Can change order", "content_type": 16, "codename": "change_order"}}, {"model": "auth.permission", "pk": 63, "fields": {"name": "Can delete order", "content_type": 16, "codename": "delete_order"}}, {"model": "auth.permission", "pk": 64, "fields": {"name": "Can view order", "content_type": 16, "codename": "view_order"}}, {"model": "auth.permission", "pk": 65, "fields": {"name": "Can add order item", "content_type": 17, "codename": "add_orderitem"}}, {"model": "auth.permission", "pk": 66, "fields": {"name": "Can change order item", "content_type": 17, "codename": "change_orderitem"}}, {"model": "auth.permission", "pk": 67, "fields": {"name": "Can delete order item", "content_type": 17, "codename": "delete_orderitem"}}, {"model": "auth.permission", "pk": 68, "fields": {"name": "Can view order item", "content_type": 17, "codename": "view_orderitem"}}, {"model": "auth.group", "pk": 2, "fields": {"name": "manager", "permissions": [25, 26, 27, 28, 29, 30, 31, 32, 37, 38, 39, 40, 33, 34, 35, 36]}}, {"model": "auth.user", "pk": 1, "fields": {"password": "pbkdf2_sha256$260000$n4ledVqwEZ9mjJrHnWki6X$Uyl9oitkkxZGNkUDTp7jao+0xayT7SXK6IqrUIDw7eI=", "last_login": "2021-05-21T14:10:06.818Z", "is_superuser": true, "username": "admin", "first_name": "", "last_name": "", "email": "borystarasov@gmail.com", "is_staff": true, "is_active": true, "date_joined": "2021-05-07T17:14:58.755Z", "groups": [], "user_permissions": []}}, {"model": "auth.user", "pk": 2, "fields": {"password": "pbkdf2_sha256$260000$SGITWrTQvrnrZJGqoXFyER$yeCaUrc73jSQcZs5/YKO+/vecp8AlCHmL6cDawSKKSw=", "last_login": "2021-05-21T15:08:40.758Z", "is_superuser": false, "username": "borys", "first_name": "", "last_name": "", "email": "", "is_staff": false, "is_active": true, "date_joined": "2021-05-08T18:47:27Z", "groups": [2], "user_permissions": []}}, {"model": "auth.user", "pk": 3, "fields": {"password": "pbkdf2_sha256$260000$YobhJdxVIPHIRBdKyWLQ9G$Rm2Xp2Ph1yCfBXCJqzJE08Nmf6p6Qp7gm50YA5VUj2E=", "last_login": "2021-05-21T13:04:01.108Z", "is_superuser": false, "username": "igor", "first_name": "", "last_name": "", "email": "", "is_staff": false, "is_active": true, "date_joined": "2021-05-10T18:54:42.764Z", "groups": [], "user_permissions": []}}, {"model": "sessions.session", "pk": "6bywor6t1vbhyvv5o785lgl98dg7x8kr", "fields": {"session_data": ".eJxVjDsOwyAQBe9CHSEMy8cp0_sMaGEhOIlAMnYV5e6xJRdJ-2bmvZnHbS1-62nxM7ErU-zyuwWMz1QPQA-s98Zjq-syB34o_KSdT43S63a6fwcFe9nrIaFGIcwIbsAMTjqD2mWnhE0oZdYR9BjQWCWNIgPWBsoJFAmg3bTs8wXJRzdM:1lk4oq:6dFXBnEAgJkK6iMrP_QH0fzixUOiINt8jxUYb5PMq0I", "expire_date": "2021-06-04T13:04:00.996Z"}}, {"model": "sessions.session", "pk": "6zeu5dzrm13blc7z9uxg0ae0r5lmqd8g", "fields": {"session_data": ".eJxVjDsOgzAQBe_iOrL8XQxl-pwBrfE6JolsyZgKcfeARJG0b-bNxkZcWxrXheo4BzYwyW6_m8fpTfkE4YX5WfhUcquz56fCL7rwRwn0uV_uXyDhko53lFb7aEiiBBJG-BB7pcDpXngXFNjYAXjbgcAOyZGxOhqFQhkCbTQc0QlrY8O2718J-jpb:1lfR4L:N77fX9xrrQXKX9DBWhb7nInSjImRK3aGX93Z4l7DZWk", "expire_date": "2021-05-22T17:48:49.301Z"}}, {"model": "sessions.session", "pk": "jgqmmsnj8t3z0j0dqfzy5w60nqb8n0uf", "fields": {"session_data": ".eJxVjEEOwiAQRe_C2hChHei4dN8zNAMzSNVAUtqV8e7apAvd_vfef6mJtjVPW5NlmlldlFWn3y1QfEjZAd-p3KqOtazLHPSu6IM2PVaW5_Vw_w4ytfytgTv20DuKyIBeKElvBpciGOvJERhMaFCsROBwJhusoPMOsYshDaDeH-6EOCU:1lk6lU:H_iqPvlke46HJuNl4yWxZFMFOrNPJIKlFOhP8yoCvxE", "expire_date": "2021-06-04T15:08:40.673Z"}}, {"model": "sessions.session", "pk": "o40athnx0ro51i4fih0wl9mtkd9xzsi5", "fields": {"session_data": ".eJxVjEEOwiAQRe_C2hChHei4dN8zNAMzSNVAUtqV8e7apAvd_vfef6mJtjVPW5NlmlldlFWn3y1QfEjZAd-p3KqOtazLHPSu6IM2PVaW5_Vw_w4ytfytgTv20DuKyIBeKElvBpciGOvJERhMaFCsROBwJhusoPMOsYshDaDeH-6EOCU:1lk6lU:H_iqPvlke46HJuNl4yWxZFMFOrNPJIKlFOhP8yoCvxE", "expire_date": "2021-06-04T15:08:40.786Z"}}, {"model": "main_clothesmarket.category", "pk": 1, "fields": {"title": "Женщины", "photo": "media/images/categories/81b3a4ad-ecb2-4a63-bb15-4ea631f3beee.jpg", "category_order": 1, "is_visible": true}}, {"model": "main_clothesmarket.category", "pk": 2, "fields": {"title": "Мужчины", "photo": "media/images/categories/f81f7eb4-68f5-45f7-9ee9-8e9d2f0405d3.jpg", "category_order": 2, "is_visible": true}}, {"model": "main_clothesmarket.category", "pk": 3, "fields": {"title": "Сумки", "photo": "media/images/categories/d6c564b7-9006-4803-a589-509841f0fcee.jpg", "category_order": 3, "is_visible": true}}, {"model": "main_clothesmarket.kind", "pk": 1, "fields": {"title": "Блузы", "photo": "media/images/kinds/0ea1ded4-1628-4b02-ad5a-27f1f7aa461a.jpg", "kind_order": 1, "is_visible": true, "des": "йййй", "category": 1}}, {"model": "main_clothesmarket.kind", "pk": 2, "fields": {"title": "Платья", "photo": "media/images/kinds/499fc66d-80bd-4ccf-9054-bc4acd4182cf.jpg", "kind_order": 2, "is_visible": true, "des": "йый", "category": 1}}, {"model": "main_clothesmarket.kind", "pk": 3, "fields": {"title": "Пижамы", "photo": "media/images/kinds/6574c1d5-a079-4230-9f6d-550c2c205e3f.jpg", "kind_order": 3, "is_visible": true, "des": "ысыс", "category": 1}}, {"model": "main_clothesmarket.kind", "pk": 4, "fields": {"title": "Кофты", "photo": "media/images/kinds/04101017-53fb-4377-83d0-0cdd85338772.jpg", "kind_order": 4, "is_visible": true, "des": "ммвм", "category": 1}}, {"model": "main_clothesmarket.kind", "pk": 5, "fields": {"title": "Спортивные Костюмы", "photo": "media/images/kinds/69512a9d-8457-46fe-a359-f6c4bebb8765.jpg", "kind_order": 5, "is_visible": true, "des": "ым", "category": 1}}, {"model": "main_clothesmarket.kind", "pk": 6, "fields": {"title": "Спортивная Обувь", "photo": "media/images/kinds/b3f0235e-c4c7-4366-96c2-fd8d3815968c.jpg", "kind_order": 6, "is_visible": true, "des": "еее", "category": 1}}, {"model": "main_clothesmarket.kind", "pk": 7, "fields": {"title": "Аксессуары", "photo": "media/images/kinds/eaa725ee-c5ff-49f2-a992-5158a8b66125.jpg", "kind_order": 7, "is_visible": true, "des": "чв мча", "category": 1}}, {"model": "main_clothesmarket.kind", "pk": 8, "fields": {"title": "Для рабочих встреч", "photo": "media/images/kinds/216d6ca9-51d3-4287-a775-628408cfda05.jpg", "kind_order": 8, "is_visible": true, "des": "ере", "category": 1}}, {"model": "main_clothesmarket.kind", "pk": 9, "fields": {"title": "Куртки", "photo": "media/images/kinds/1922f935-94ad-495c-b7d0-1f3cde90fc6f.jpg", "kind_order": 9, "is_visible": true, "des": "шг", "category": 2}}, {"model": "main_clothesmarket.kind", "pk": 10, "fields": {"title": "Джинцы", "photo": "media/images/kinds/f5110ac2-73f3-438f-9fcb-ba1b0e9cd65d.jpg", "kind_order": 10, "is_visible": true, "des": "пывм", "category": 2}}, {"model": "main_clothesmarket.kind", "pk": 11, "fields": {"title": "Рубашки", "photo": "media/images/kinds/d3e22da4-26c7-4c06-8b52-905866080f3c.jpg", "kind_order": 11, "is_visible": true, "des": "фф", "category": 2}}, {"model": "main_clothesmarket.kind", "pk": 12, "fields": {"title": "Костюмы Мужские", "photo": "media/images/kinds/5f9b4038-804a-4cfd-a335-ff1895222296.jpg", "kind_order": 12, "is_visible": true, "des": "яыс", "category": 2}}, {"model": "main_clothesmarket.kind", "pk": 13, "fields": {"title": "Брюки", "photo": "media/images/kinds/c223a2f8-4d87-4ca7-b778-8ae85e0209eb.jpg", "kind_order": 13, "is_visible": true, "des": "сысы", "category": 2}}, {"model": "main_clothesmarket.kind", "pk": 14, "fields": {"title": "Чемоданы", "photo": "media/images/kinds/62c7ece7-715d-49df-83a5-54c939bed646.jpg", "kind_order": 14, "is_visible": true, "des": "ау", "category": 3}}, {"model": "main_clothesmarket.kind", "pk": 15, "fields": {"title": "Сумки Мужские", "photo": "media/images/kinds/263f7d39-c3d6-4760-bb69-d46e60b89b3a.jpg", "kind_order": 15, "is_visible": true, "des": "иепе", "category": 3}}, {"model": "main_clothesmarket.kind", "pk": 16, "fields": {"title": "Сумки Спортивные", "photo": "media/images/kinds/5ee03c75-8a90-4a0b-a4a9-b1f979260cd1.jpg", "kind_order": 16, "is_visible": true, "des": "ипа", "category": 3}}, {"model": "main_clothesmarket.kind", "pk": 17, "fields": {"title": "Сумки Женские", "photo": "media/images/kinds/bc9ce02a-5c01-4bc9-a256-0254cf5c1414.jpg", "kind_order": 17, "is_visible": true, "des": "нрн", "category": 3}}, {"model": "main_clothesmarket.product", "pk": 1, "fields": {"title": "Блуза Леопардовая", "manufactura": "Cartier", "photo": "media/images/products/4b4b3d7c-b6d9-4843-b07f-a9b0674965b4.jpg", "subphoto1": "media/images/products/815ee513-6a34-4002-af39-e3c0526f5e08.jpg", "subphoto2": "media/images/products/90b729a9-8ff4-4523-897e-6f79c54b2809.jpg", "subphoto3": "media/images/products/a4119345-81e9-4fba-8540-58abf7ae4e5e.jpg", "product_order": 1, "is_visible": true, "price": "1000.00", "size": "42", "des": "Available in three striking prints, this easy-to-wear longline shirt is made from lightweight semi-sheer fabric, with long cuffed sleeves and a button", "category": 1, "slug": "bluza-leopardovaya", "available": true, "created": "2021-05-08T13:16:31.858Z", "updated": "2021-05-13T18:58:57.405Z"}}, {"model": "main_clothesmarket.product", "pk": 2, "fields": {"title": "Блуза Голубая", "manufactura": "Cartier", "photo": "media/images/products/999c01b4-8e6d-4750-ac84-7f374ed87a54.jpg", "subphoto1": "media/images/products/428e5e5f-0ac5-4966-a9da-13f029b6595a.jpg", "subphoto2": "media/images/products/aa550b7a-ef8d-4d7b-ab1c-798429c010d4.jpg", "subphoto3": "media/images/products/85f71261-5a22-4cfc-b771-56403b3e8c3f.jpg", "product_order": 2, "is_visible": true, "price": "1100.00", "size": "42", "des": "Designed for warmer days, our short-sleeved shirt is made from pure cotton that is soft and breathable. Cut for a regular fit with a pointed collar, s", "category": 1, "slug": "bluza-golubaya", "available": false, "created": "2021-05-08T13:19:18.103Z", "updated": "2021-05-21T11:22:02.720Z"}}, {"model": "main_clothesmarket.product", "pk": 3, "fields": {"title": "Блуза Темная", "manufactura": "Gucci", "photo": "media/images/products/61f6abe5-2cee-4fb3-b480-e66e9adbbee4.jpg", "subphoto1": "media/images/products/407b3ffc-a885-4fa6-8afb-eee68ddb2bd5.jpg", "subphoto2": "media/images/products/21e8c3b6-eaa0-44d6-a333-5494ff49cd77.jpg", "subphoto3": "media/images/products/bb595f9f-6608-4d83-8332-6580f1155853.jpg", "product_order": 3, "is_visible": true, "price": "2000.00", "size": "42", "des": "In a flowing fabric, this short-sleeved top is finished with pretty smocking details. Machine washable. 96% Viscose, 4% Elastane.", "category": 1, "slug": "bluza-temnaya", "available": true, "created": "2021-05-08T13:21:40.438Z", "updated": "2021-05-13T18:58:57.470Z"}}, {"model": "main_clothesmarket.product", "pk": 4, "fields": {"title": "Блуза Зеленая", "manufactura": "Gucci", "photo": "media/images/products/efb642c3-8781-46b3-b6cc-2d3c0990d421.jpg", "subphoto1": "media/images/products/73ba2727-e3ae-498c-9db0-c553699ea2c8.jpg", "subphoto2": "media/images/products/0499a712-6ffb-4365-8257-9e792136664e.jpg", "subphoto3": "media/images/products/9c6f6dbe-fb3d-4ed6-9aa8-31ca91e9e09a.jpg", "product_order": 4, "is_visible": true, "price": "1500.00", "size": "40", "des": "Perfect for special occasions. Machine washable. Blouse 77% Polyester, 23% Metallised fibre. Vest 100% Polyester.", "category": 1, "slug": "bluza-zelenaya", "available": true, "created": "2021-05-08T13:24:08.555Z", "updated": "2021-05-19T20:29:04.466Z"}}, {"model": "main_clothesmarket.product", "pk": 5, "fields": {"title": "Блуза Красная", "manufactura": "Dolce Gabana", "photo": "media/images/products/3ef7119a-e3f6-4e6a-9f64-1a3929fdeb43.jpg", "subphoto1": "media/images/products/9ee99da8-fdd9-4300-a341-856f67eef33b.jpg", "subphoto2": "media/images/products/f8ae5408-de7a-4722-beed-815895f57079.jpg", "subphoto3": "media/images/products/e25591fa-3d98-48e0-ba0f-480a479ed042.jpg", "product_order": 5, "is_visible": true, "price": "2300.00", "size": "40", "des": "Figure-flattering ruching elevates the romantic appeal of this faux-wrap jersey top, which is distinguished by its modern geometric print, which is re", "category": 1, "slug": "bluza-krasnaya", "available": true, "created": "2021-05-08T13:26:25.581Z", "updated": "2021-05-13T18:58:57.369Z"}}, {"model": "main_clothesmarket.product", "pk": 6, "fields": {"title": "Платье темное", "manufactura": "Dolce Gabana", "photo": "media/images/products/ff0986e5-9eb2-453c-9503-b4ce2d7f8b54.jpg", "subphoto1": "media/images/products/389957fc-7848-4193-a6cc-0c7437b00d08.jpg", "subphoto2": "media/images/products/fc2bc836-954b-46a3-bd43-f2d4a761f7e7.jpg", "subphoto3": "media/images/products/f883f83b-0b7c-4b14-90dc-7f9f0fd3d909.jpg", "product_order": 6, "is_visible": true, "price": "3200.00", "size": "42", "des": "This season we've taken the classic shirt dress and given it a grown-up twist that'll instantly elevate your wardrobe. With a rounded collar and short", "category": 2, "slug": "plate-temnoe", "available": true, "created": "2021-05-08T13:33:41.984Z", "updated": "2021-05-13T18:58:59.488Z"}}, {"model": "main_clothesmarket.product", "pk": 7, "fields": {"title": "Платье зеленое", "manufactura": "Gucci", "photo": "media/images/products/3a38c480-d886-4ac4-ac84-36edf5c5f8da.jpg", "subphoto1": "media/images/products/9014e9da-3407-48fe-9b90-71fafe6713c7.jpg", "subphoto2": "media/images/products/bb95b3d9-5424-42c0-9bbc-5ccbbe915500.jpg", "subphoto3": "media/images/products/45a3f33c-3c75-4baf-b8f6-d46a9189d976.jpg", "product_order": 7, "is_visible": true, "price": "1500.00", "size": "40", "des": "A beautiful midi dress perfect for warmer days. With a flattering shape the crossover detail at the front allows for a customised fit. Complete with p", "category": 2, "slug": "plate-zelenoe", "available": true, "created": "2021-05-08T13:35:43.937Z", "updated": "2021-05-21T11:20:17.811Z"}}, {"model": "main_clothesmarket.product", "pk": 8, "fields": {"title": "Платье белое", "manufactura": "Cartier", "photo": "media/images/products/5fc1c2fe-1535-41e3-86f4-3e560c109144.jpg", "subphoto1": "media/images/products/9e911685-cf63-4bfb-ab78-e6194f0a92a7.jpg", "subphoto2": "media/images/products/6627a4b0-a01a-4d02-a747-71c9d031f093.jpg", "subphoto3": "media/images/products/caf74cd1-0b3d-4c3e-ae71-20108d2d330f.jpg", "product_order": 8, "is_visible": true, "price": "2000.00", "size": "42", "des": "Regular side neck to hem 40\" / 101cm. Machine washable. 52% Polyester, 48% Cotton.", "category": 2, "slug": "plate-beloe", "available": true, "created": "2021-05-08T13:37:36.330Z", "updated": "2021-05-15T20:56:31.701Z"}}, {"model": "main_clothesmarket.product", "pk": 9, "fields": {"title": "Платье желтое", "manufactura": "Gucci", "photo": "media/images/products/d808edff-35d1-465b-8c02-a660f8883156.jpg", "subphoto1": "media/images/products/6967fc30-de20-407e-99a3-1e0b8cb72300.jpg", "subphoto2": "media/images/products/83054cae-9779-48a2-ac10-416ce65e5193.jpg", "subphoto3": "media/images/products/049a3e4c-c5b5-4dc2-a91b-91937cef6e9d.jpg", "product_order": 9, "is_visible": true, "price": "4000.00", "size": "38", "des": "Styled in a loose shape, this short-sleeve kaftan dress is perfect off-duty days, working perfectly with everything from sneakers to sandals. It's mad", "category": 2, "slug": "plate-zheltoe", "available": true, "created": "2021-05-08T13:39:15.851Z", "updated": "2021-05-19T20:17:33.929Z"}}, {"model": "main_clothesmarket.product", "pk": 10, "fields": {"title": "Платьу цветное", "manufactura": "Dolce Gabana", "photo": "media/images/products/8fc3fc5e-6852-4b94-957a-8f7809dd387d.jpg", "subphoto1": "media/images/products/b63b742c-5eeb-4ca1-ad24-4842c5261db5.jpg", "subphoto2": "media/images/products/6de47451-7da6-480b-b183-5640e3d6646a.jpg", "subphoto3": "media/images/products/785c95c5-01c5-4feb-becd-b1698c85ae5c.jpg", "product_order": 10, "is_visible": true, "price": "3200.00", "size": "38", "des": "With side pockets and pretty ruffles on wide straps. Regular side neck to hem 50\" / 127cm. Machine washable. 100% Cotton.", "category": 2, "slug": "platu-cvetnoe", "available": true, "created": "2021-05-08T13:40:59.364Z", "updated": "2021-05-13T18:58:59.545Z"}}, {"model": "main_clothesmarket.product", "pk": 11, "fields": {"title": "Кофта белая", "manufactura": "Cartier", "photo": "media/images/products/92d72359-ecc0-490d-935c-a6a6d48bdabf.jpg", "subphoto1": "media/images/products/96d67b12-e94b-4a42-8c8f-6b3be0881678.jpg", "subphoto2": "media/images/products/814f4607-4aa1-4492-bbb8-86f0eb19870b.jpg", "subphoto3": "media/images/products/96bc828e-d654-47f3-a12a-310afb0f797b.jpg", "product_order": 11, "is_visible": true, "price": "2300.00", "size": "42", "des": "Made from a cosy cotton blend, this soft stitch-detail cardigan is the perfect cold-weather companion. Next support more sustainable cotton farming th", "category": 4, "slug": "kofta-belaya", "available": true, "created": "2021-05-08T13:44:18.635Z", "updated": "2021-05-13T18:58:58.624Z"}}, {"model": "main_clothesmarket.product", "pk": 12, "fields": {"title": "Кофта цветная", "manufactura": "Gucci", "photo": "media/images/products/713c6c4d-9cec-4309-9abe-e23fb5940aba.jpg", "subphoto1": "media/images/products/fb6e6ad3-e25b-4319-a2fd-d0939e760d80.jpg", "subphoto2": "media/images/products/589e871a-da8b-4810-bd6d-77ae25e30339.jpg", "subphoto3": "media/images/products/634906e4-9af1-4d13-af68-8eb34e2ad7ad.jpg", "product_order": 12, "is_visible": true, "price": "4000.00", "size": "40", "des": "Stock up your cold-weather wardrobe with this cosy crew-neck jumper, styled in a longer length with a pocket detail on the hip. Other colours availabl", "category": 4, "slug": "kofta-cvetnaya", "available": true, "created": "2021-05-08T13:46:20.837Z", "updated": "2021-05-13T18:58:58.752Z"}}, {"model": "main_clothesmarket.product", "pk": 13, "fields": {"title": "Кофта Коричневая", "manufactura": "Gucci", "photo": "media/images/products/500c7f3b-a418-414b-97d1-f453c15ad940.jpg", "subphoto1": "media/images/products/e09e9b47-4135-49bc-b9b1-6ede9714dd0e.jpg", "subphoto2": "media/images/products/72526451-5c6b-447d-9f19-1e8e2efcf726.jpg", "subphoto3": "media/images/products/92c21112-0cbb-4f24-9615-e14f9dbd7c57.jpg", "product_order": 13, "is_visible": true, "price": "1000.00", "size": "42", "des": "With added wool for a supersoft feel, this double-layer jumper features a contrast collar and cuffs for a smart finish. Wear yours for work with tailo", "category": 4, "slug": "kofta-korichnevaya", "available": true, "created": "2021-05-08T13:48:06.619Z", "updated": "2021-05-19T20:17:38.301Z"}}, {"model": "main_clothesmarket.product", "pk": 14, "fields": {"title": "Кофта желтая", "manufactura": "Cartier", "photo": "media/images/products/81a2a56a-e81a-417d-934a-4f83ed102b62.jpg", "subphoto1": "media/images/products/48326f79-6316-4f74-a0dc-a5487bc88dc2.jpg", "subphoto2": "media/images/products/53bfc525-a3a7-44a2-9de2-3a6a0391fdfe.jpg", "subphoto3": "media/images/products/384d7556-f026-411c-8570-d4624aadecc9.jpg", "product_order": 14, "is_visible": true, "price": "3000.00", "size": "38", "des": "With a relaxed fit and an on-trend longline shape, this cosy edge-to-edge cardigan ticks all the style boxes, finished with pockets at the front. Othe", "category": 4, "slug": "kofta-zheltaya", "available": true, "created": "2021-05-08T13:49:40.315Z", "updated": "2021-05-13T18:58:58.683Z"}}, {"model": "main_clothesmarket.product", "pk": 15, "fields": {"title": "Кофта красная", "manufactura": "Dolce Gabana", "photo": "media/images/products/aa65d9a0-f40c-4f2a-a06d-f23f4ccd6084.jpg", "subphoto1": "media/images/products/6c8c8ecf-29e6-42ce-af00-68b5a6927217.jpg", "subphoto2": "media/images/products/88219d7c-34b0-4b53-90d0-c1adf34cff88.jpg", "subphoto3": "media/images/products/2dfd4fb2-355d-4602-a76c-39a8cc060d50.jpg", "product_order": 15, "is_visible": true, "price": "2300.00", "size": "42", "des": "Stock up your wardrobe with our collection of easy-to-wear V-neck jumpers, styled in a lightweight knit and available in a range of on-trend colourway", "category": 4, "slug": "kofta-krasnaya", "available": true, "created": "2021-05-08T13:51:00.669Z", "updated": "2021-05-21T14:26:25.836Z"}}, {"model": "main_clothesmarket.product", "pk": 16, "fields": {"title": "Пижама белая", "manufactura": "Gucci", "photo": "media/images/products/7db9a031-3e7c-49b3-9fae-26cdcc4fd163.jpg", "subphoto1": "media/images/products/ceac2d6c-b78c-457c-9bb3-76426a153d4c.jpg", "subphoto2": "media/images/products/99eab767-e6ea-4247-aedf-aba003726957.jpg", "subphoto3": "media/images/products/98640bc0-6d81-4c22-8323-f650df41c728.jpg", "product_order": 16, "is_visible": true, "price": "1000.00", "size": "38", "des": "Add an elegant touch to your night time routine with this pretty oatmeal slip. In a midi-length style, it features adjustable straps for a perfect fit", "category": 3, "slug": "pizhama-belaya", "available": true, "created": "2021-05-08T13:53:01.079Z", "updated": "2021-05-13T18:58:59.201Z"}}, {"model": "main_clothesmarket.product", "pk": 17, "fields": {"title": "Пижама в цветы", "manufactura": "Gucci", "photo": "media/images/products/d47b03db-8037-447c-81f4-b4003fb7026e.jpg", "subphoto1": "media/images/products/033dcb8d-f2ef-421b-a008-694de9240a0a.jpg", "subphoto2": "media/images/products/901b2f99-e24c-4dc4-9b4e-bd8ea7785bf2.jpg", "subphoto3": "media/images/products/0f381e1d-3e68-4224-8486-89b8dc9d1890.jpg", "product_order": 17, "is_visible": true, "price": "1000.00", "size": "38", "des": "Machine washable. Pyjama Top 50% Cotton, 50% Modal. Pyjama Bottom 100% Cotton.", "category": 3, "slug": "pizhama-v-cvety", "available": true, "created": "2021-05-08T13:56:01.095Z", "updated": "2021-05-13T18:58:59.232Z"}}, {"model": "main_clothesmarket.product", "pk": 18, "fields": {"title": "Пижама со слоном", "manufactura": "Dolce Gabana", "photo": "media/images/products/a1e3930f-83a9-4c36-abb1-951a5b86bd41.jpg", "subphoto1": "media/images/products/b8e07924-f8ba-45bf-a35a-221168924fc4.jpg", "subphoto2": "media/images/products/64b01e1c-b4dc-423d-9973-47d5735fc11c.jpg", "subphoto3": "media/images/products/be9c3e9a-2457-472c-9339-7e17ac063bcc.jpg", "product_order": 18, "is_visible": true, "price": "2000.00", "size": "42", "des": "Get comfortable with these supersoft pyjamas. Including a print with bow detail on the tee and a matching scrunchie for the perfect topknot! Machine w", "category": 3, "slug": "pizhama-so-slonom", "available": true, "created": "2021-05-08T13:57:35.886Z", "updated": "2021-05-13T18:58:59.283Z"}}, {"model": "main_clothesmarket.product", "pk": 19, "fields": {"title": "Пижама голубая", "manufactura": "Gucci", "photo": "media/images/products/479995ce-ea8d-4d1d-b82c-c6c807c0acb7.jpg", "subphoto1": "media/images/products/8b9c4ee5-6162-4928-9d02-82c59cd4fa8f.jpg", "subphoto2": "media/images/products/50f8537f-4431-461c-8ed6-21f77bf40053.jpg", "subphoto3": "media/images/products/e8a2fd40-2e0f-41ea-af5d-5225ef47a827.jpg", "product_order": 19, "is_visible": true, "price": "1000.00", "size": "38", "des": "Machine washable. Pyjama Top and Pyjama Bottom 100% Cotton.", "category": 3, "slug": "pizhama-golubaya", "available": false, "created": "2021-05-08T13:59:33.413Z", "updated": "2021-05-21T11:22:02.731Z"}}, {"model": "main_clothesmarket.product", "pk": 20, "fields": {"title": "Пижама цветная", "manufactura": "Cartier", "photo": "media/images/products/f3acbb2c-fcdc-4e79-872d-d5f629cb4765.jpg", "subphoto1": "media/images/products/4d7dd3fe-056a-4992-916c-81c58283838a.jpg", "subphoto2": "media/images/products/57f8818c-0b93-43f6-8e91-b648d3bff7d7.jpg", "subphoto3": "media/images/products/e9d6f997-37dd-463d-a0f7-35590bb046ba.jpg", "product_order": 20, "is_visible": true, "price": "2300.00", "size": "38", "des": "Choose your favourite design, or just buy them all. Available in a range of bright colourways, our cosy pyjamas are perfect for chilly nights and lazy", "category": 3, "slug": "pizhama-cvetnaya", "available": true, "created": "2021-05-08T14:01:16.558Z", "updated": "2021-05-13T18:58:59.340Z"}}, {"model": "main_clothesmarket.product", "pk": 21, "fields": {"title": "Куртка черная", "manufactura": "Cartier", "photo": "media/images/products/0971ae7b-63b9-4d1d-af3c-5bc2b0cfe73a.jpg", "subphoto1": "media/images/products/94ec3c15-c2d8-4973-a65f-76192458d914.jpg", "subphoto2": "media/images/products/131be5b4-533e-43b9-baf8-468e402937ae.jpg", "subphoto3": "media/images/products/e9fe1f35-12e1-4d86-b50d-0716e61f3976.jpg", "product_order": 21, "is_visible": true, "price": "2000.00", "size": "52", "des": "Made from a shower-resistant fabric, this fleece-lined jacket is designed with an adjustable hood, a ribbed collar, hidden storm cuffs and an adjustab", "category": 9, "slug": "kureka-chernaya", "available": true, "created": "2021-05-08T15:44:56.878Z", "updated": "2021-05-13T18:58:59.115Z"}}, {"model": "main_clothesmarket.product", "pk": 22, "fields": {"title": "Куртка темная", "manufactura": "Gucci", "photo": "media/images/products/6be01941-a4ad-40a5-998a-3c6c6bce25db.jpg", "subphoto1": "media/images/products/b8e1cd85-0e59-442d-af4e-8c8adfb4ed50.jpg", "subphoto2": "media/images/products/f0e41c85-d8d4-47b7-97c7-28100b36d859.jpg", "subphoto3": "media/images/products/2797565e-9244-430a-b13a-cb1e100c5b26.jpg", "product_order": 22, "is_visible": true, "price": "2400.00", "size": "58", "des": "Perfect throw-on-and-go style. Heritage-inspired padded hooded jacket in a shower-resistant finish to protect you from light showers, with a contrast", "category": 9, "slug": "kureka-temnaya", "available": true, "created": "2021-05-08T15:46:41.118Z", "updated": "2021-05-13T18:58:59.054Z"}}, {"model": "main_clothesmarket.product", "pk": 23, "fields": {"title": "Куртка зеленая", "manufactura": "Dolce Gabana", "photo": "media/images/products/34a8d2dd-6ba0-417e-a61f-a7c1b2152a70.jpg", "subphoto1": "media/images/products/77c40553-473d-48df-beb0-690b2292e4ab.jpg", "subphoto2": "media/images/products/8fe7088b-eba0-4cd7-b98c-fb64194aa016.jpg", "subphoto3": "media/images/products/abbbf82b-158b-475d-9e3e-c3c75db046be.jpg", "product_order": 23, "is_visible": true, "price": "2100.00", "size": "56", "des": "The biker jacket is a staple no matter the trend. In a lightweight shower-resistant fabric it's the perfect throw-on-and-go piece. With a racer neck a", "category": 9, "slug": "kureka-zelenaya", "available": true, "created": "2021-05-08T15:47:59.174Z", "updated": "2021-05-13T18:58:58.922Z"}}, {"model": "main_clothesmarket.product", "pk": 24, "fields": {"title": "Куртка оранжевая", "manufactura": "Cartier", "photo": "media/images/products/975ce684-382b-4eb9-805f-98a2c1896645.jpg", "subphoto1": "media/images/products/33fe0c1a-e729-4ae3-8614-41d90871f093.jpg", "subphoto2": "media/images/products/07601cfc-0008-4e78-8ab9-d3ca1ec004a1.jpg", "subphoto3": "media/images/products/5a3bdb7d-12de-4cd5-9b83-d1ac863df84b.jpg", "product_order": 24, "is_visible": true, "price": "3200.00", "size": "56", "des": "Perfect throw-on-and-go style. Heritage-inspired gilet jacket in a shower-resistant finish to protect you from light showers, with a contrast lining a", "category": 9, "slug": "kureka-oranzhevaya", "available": true, "created": "2021-05-08T15:49:20.341Z", "updated": "2021-05-21T11:16:08.836Z"}}, {"model": "main_clothesmarket.product", "pk": 25, "fields": {"title": "Куртка красная", "manufactura": "Gucci", "photo": "media/images/products/3987a08f-57a1-4b24-9e96-69a582c9f394.jpg", "subphoto1": "media/images/products/384077c5-a287-447c-9d9e-b618785eb7ec.jpg", "subphoto2": "media/images/products/74befbd6-434a-4763-bcaa-16c3f568ca8f.jpg", "subphoto3": "media/images/products/eed842c7-5828-445a-a099-063af1023178.jpg", "product_order": 25, "is_visible": true, "price": "3000.00", "size": "58", "des": "Main 100% Polyester. Hood 75% Cotton, 23% Polyester, 2% Viscose. Lining 100% Polyester.", "category": 9, "slug": "kurtka-krasnaya", "available": true, "created": "2021-05-08T15:50:57.659Z", "updated": "2021-05-16T18:04:46.926Z"}}, {"model": "main_clothesmarket.product", "pk": 26, "fields": {"title": "Джинцы Черные", "manufactura": "Montana", "photo": "media/images/products/81d4c265-c15a-459e-b3d9-83c6059b60a7.jpg", "subphoto1": "media/images/products/9328387e-8090-4089-8ddc-31b1ebf2ceff.jpg", "subphoto2": "media/images/products/6be02961-0593-4888-b1f6-4fcef4a07f7f.jpg", "subphoto3": "media/images/products/d97c3daa-7034-422d-9659-c636219e14b6.jpg", "product_order": 26, "is_visible": true, "price": "1000.00", "size": "48", "des": "Whether you're working from home or heading out for a breathe of fresh air, these jeans are sure to become your go-tos. The cotton blend-denim is wove", "category": 10, "slug": "dzhincy-chernye", "available": true, "created": "2021-05-08T16:38:08.531Z", "updated": "2021-05-19T20:17:36.655Z"}}, {"model": "main_clothesmarket.product", "pk": 27, "fields": {"title": "Джинцы синие", "manufactura": "Lee", "photo": "media/images/products/f239d8eb-b81c-4e89-b109-26ab3121f18f.jpg", "subphoto1": "media/images/products/0190dbee-5723-484f-800d-d17e83f02e8d.jpg", "subphoto2": "media/images/products/fb4c7819-f644-4796-803d-f44e3d4aa31e.jpg", "subphoto3": "media/images/products/c923c932-04f1-4c4c-94a0-fe8744fdc30d.jpg", "product_order": 27, "is_visible": true, "price": "1100.00", "size": "50", "des": "Whether you're working from home t for a breathe of fresh air, these jeans are sure to become your go-tos. The cotton blend-denim is wove", "category": 10, "slug": "dzhincy-sinie", "available": true, "created": "2021-05-08T16:40:16.263Z", "updated": "2021-05-13T18:58:58.032Z"}}, {"model": "main_clothesmarket.product", "pk": 28, "fields": {"title": "Джинцы Классичнские", "manufactura": "Lewis", "photo": "media/images/products/34686a49-0d9b-4999-9f86-f234a9531d1f.jpg", "subphoto1": "media/images/products/f9e6c76b-2c59-4287-8b39-08e3ee4d383d.jpg", "subphoto2": "media/images/products/88b36505-744e-4627-91a9-d7c70fa84ced.jpg", "subphoto3": "media/images/products/5a1a6daa-175a-43a9-a412-e781b427f346.jpg", "product_order": 28, "is_visible": true, "price": "1000.00", "size": "52", "des": "Whether you're working from home or heading out for a breathe of fresh air, these jeans are sure to become your go-tos.  cotton blend-denim is wove", "category": 10, "slug": "dzhincy-klassichnskie", "available": true, "created": "2021-05-08T16:42:11.923Z", "updated": "2021-05-21T14:26:24.027Z"}}, {"model": "main_clothesmarket.product", "pk": 29, "fields": {"title": "Джинцы Темые", "manufactura": "Lee", "photo": "media/images/products/827e9fe5-423c-4150-a6d8-d34e69979f06.jpg", "subphoto1": "media/images/products/8bc1c965-9c3d-4a09-84d0-9d5b42bde74b.jpg", "subphoto2": "media/images/products/efeb4642-7bcf-4fd4-9dea-42703b4a1378.jpg", "subphoto3": "media/images/products/031b3cdc-ec44-497c-b02c-6d2b81c5f92f.jpg", "product_order": 29, "is_visible": true, "price": "1200.00", "size": "52", "des": "Whether you're working from home or heading out for a breathe of fresh air, these jeans are sure to become your go-tos.", "category": 10, "slug": "dzhincy-temye", "available": true, "created": "2021-05-08T16:44:45.068Z", "updated": "2021-05-21T14:12:20.719Z"}}, {"model": "main_clothesmarket.product", "pk": 30, "fields": {"title": "Джинцы серые", "manufactura": "Montana", "photo": "media/images/products/8d3c5d3e-28d2-434f-bf81-c809b2c22909.jpg", "subphoto1": "media/images/products/f7ed0fc8-07bf-4b64-9d9a-3e3025d8c6d9.jpg", "subphoto2": "media/images/products/6bb22de6-9f13-408b-890f-89f2c4c0a8be.jpg", "subphoto3": "media/images/products/17945c38-eb72-464b-88d7-9340de73fa0a.jpg", "product_order": 30, "is_visible": true, "price": "1200.00", "size": "56", "des": "Whether you're working  or heading out for a breathe of fresh air, these jeans are sure to become your go-tos. The cotton blend-denim is wove", "category": 10, "slug": "dzhincy-serye", "available": true, "created": "2021-05-08T16:46:06.808Z", "updated": "2021-05-13T18:58:57.972Z"}}, {"model": "main_clothesmarket.product", "pk": 32, "fields": {"title": "Рубашка Черная", "manufactura": "Gucci", "photo": "media/images/products/1c229bf8-8a3a-4da0-a361-bdac216368bf.jpg", "subphoto1": "media/images/products/2c17f5b2-1823-40d0-891a-65dc87831c4b.jpg", "subphoto2": "media/images/products/e8544c37-eba8-4845-b08c-a392a889130e.jpg", "subphoto3": "media/images/products/14728449-669b-49ab-80a2-1506d3971440.jpg", "product_order": 31, "is_visible": true, "price": "1000.00", "size": "56", "des": "Made from a cotton-blend fabric with a crease-resistant finish, our easy-to-iron shirt is a practical and comfortable addition to your wardrobe. 65% P", "category": 11, "slug": "rubashka-chernaya", "available": true, "created": "2021-05-11T18:15:08.514Z", "updated": "2021-05-13T18:58:59.746Z"}}, {"model": "main_clothesmarket.product", "pk": 33, "fields": {"title": "Рубашка Синяя", "manufactura": "Cartier", "photo": "media/images/products/8b0a73e9-4f8e-47d1-8e64-14d2bc70565c.jpg", "subphoto1": "media/images/products/4a15c423-376f-4d65-82a6-e5b322cca95a.jpg", "subphoto2": "media/images/products/6f60e632-d448-49a5-b376-a3cc331d6ce7.jpg", "subphoto3": "media/images/products/8eddabe3-c45b-47f7-92a3-9f735cd45d50.jpg", "product_order": 32, "is_visible": true, "price": "450.00", "size": "58", "des": "Made from a cotton-blend fabric with  crease-resistant finish, our easy-to-iron shirt is a practical and comfortable addition to your wardrobe. 65% P", "category": 11, "slug": "rubashka-sinyaya", "available": true, "created": "2021-05-11T18:16:32.741Z", "updated": "2021-05-13T18:58:59.709Z"}}, {"model": "main_clothesmarket.product", "pk": 34, "fields": {"title": "Рубашка Зеленая", "manufactura": "Dolce Gabana", "photo": "media/images/products/9faba521-c9dc-41eb-a5bb-d35302960183.jpg", "subphoto1": "media/images/products/31661126-6f10-46bb-b720-6200c918c4da.jpg", "subphoto2": "media/images/products/74870abe-2a3d-4e0b-a974-e28c29a8661c.jpg", "subphoto3": "media/images/products/8533cd7c-9067-4d89-a5a0-0b7a39e30904.jpg", "product_order": 33, "is_visible": true, "price": "1000.00", "size": "58", "des": "Made from a cotton-blend fabric with a crease-resistant finish, our easy-to-iron shirt is a practical and comfortable addition to your wardrobe. 66% P", "category": 11, "slug": "rubashka-zelenaya", "available": true, "created": "2021-05-11T18:17:36.094Z", "updated": "2021-05-13T18:58:59.638Z"}}, {"model": "main_clothesmarket.product", "pk": 35, "fields": {"title": "Рубашка Красная", "manufactura": "Gucci", "photo": "media/images/products/1bfcc4ac-1216-421e-a3e1-3b64c672e701.jpg", "subphoto1": "media/images/products/fe6c52c8-33fc-4712-9dd8-95668a48a9d6.jpg", "subphoto2": "media/images/products/480c611e-df86-4389-bb24-fe64478d3d20.jpg", "subphoto3": "media/images/products/921c5b45-057d-4d4a-b491-80236d290720.jpg", "product_order": 34, "is_visible": true, "price": "1020.00", "size": "56", "des": "Made from a cotton-blend fabric with a crease-resistant finish, our easy-to-iron shirt is a practical and comfortable addition  your wardrobe. 65% P", "category": 11, "slug": "rubashka-krasnaya", "available": true, "created": "2021-05-11T18:18:49.050Z", "updated": "2021-05-19T20:33:45.482Z"}}, {"model": "main_clothesmarket.product", "pk": 36, "fields": {"title": "Рубашка Желтая", "manufactura": "Dolce Gabana", "photo": "media/images/products/035b6cb6-0655-480f-93b0-35f854a39b6d.jpg", "subphoto1": "media/images/products/6cdf2f06-4d47-4090-b687-f7c7fddb232b.jpg", "subphoto2": "media/images/products/c043ef80-fedb-4f60-8462-f184d0775d61.jpg", "subphoto3": "media/images/products/19708841-3284-4a2b-ba38-a7ce724f817c.jpg", "product_order": 35, "is_visible": true, "price": "1030.00", "size": "58", "des": "Made from a cotton-blend fabric with a crease-resistant finish, our easy-to-iron shirt is a practical and comfortable n to your wardrobe. 65% P", "category": 11, "slug": "rubashka-zheltaya", "available": true, "created": "2021-05-11T18:20:07.093Z", "updated": "2021-05-13T18:58:59.586Z"}}, {"model": "main_clothesmarket.product", "pk": 37, "fields": {"title": "Костюм Синий", "manufactura": "Cartier", "photo": "media/images/products/89a5b288-afdc-4345-939f-91edc58cb51b.jpg", "subphoto1": "media/images/products/946b5996-0243-437e-a107-ea3bafe01d6d.jpg", "subphoto2": "media/images/products/d27b57a8-304b-4cbc-b281-7bafc60c70f3.jpg", "subphoto3": "media/images/products/00ca84a1-3ea4-45bb-87f9-de04561c5d6e.jpg", "product_order": 36, "is_visible": true, "price": "3500.00", "size": "58", "des": "You can’t go wrong with a deep navy suit, and this one will work any occasion with its optional waistcoat. Made from a twisted poly-wool material, it", "category": 12, "slug": "kostyum-sinij", "available": true, "created": "2021-05-11T18:44:10.842Z", "updated": "2021-05-13T18:58:58.535Z"}}, {"model": "main_clothesmarket.product", "pk": 38, "fields": {"title": "Костюм ЕН", "manufactura": "Dolce Gabana", "photo": "media/images/products/d842f419-a84b-4dc7-a737-451aab7fb666.jpg", "subphoto1": "media/images/products/8e923d54-a67d-4904-abc1-2794d9f06754.jpg", "subphoto2": "media/images/products/98d34535-1aba-4c11-b3c3-2c1fca7f74c7.jpg", "subphoto3": "media/images/products/04200e97-011f-4607-82b0-345852d43da6.jpg", "product_order": 37, "is_visible": true, "price": "4000.00", "size": "58", "des": "You can’t go wrong with a deep navy suit, and this one will work any occasion with its optional waistcoat. Made from  twisted poly-wool material, it", "category": 12, "slug": "kostyum-en", "available": true, "created": "2021-05-11T18:45:46.589Z", "updated": "2021-05-13T18:58:58.205Z"}}, {"model": "main_clothesmarket.product", "pk": 39, "fields": {"title": "Костюм Серый", "manufactura": "Cartier", "photo": "media/images/products/4382be15-f92e-4604-a2e8-17554468f42b.jpg", "subphoto1": "media/images/products/fc1883c7-ea03-4900-8b6e-eaec23ee7c4e.jpg", "subphoto2": "media/images/products/feb82d10-9854-4526-87f2-bc6f8eb163c7.jpg", "subphoto3": "media/images/products/9392fe58-dc90-479a-a10d-b8a8eee6f209.jpg", "product_order": 38, "is_visible": true, "price": "3400.00", "size": "58", "des": "You can’t go wrong with a deep navy suit, and this one will work any occasion with its optional waistcoat. Made a twisted poly-wool material, it", "category": 12, "slug": "kostyum-seryj", "available": true, "created": "2021-05-11T18:47:09.244Z", "updated": "2021-05-13T18:58:58.510Z"}}, {"model": "main_clothesmarket.product", "pk": 40, "fields": {"title": "Костюм Италия", "manufactura": "Gucci", "photo": "media/images/products/0bc6d517-f2b2-457f-a374-7a68ce25841c.jpg", "subphoto1": "media/images/products/1297f347-9029-4143-8307-b08988f6d62b.jpg", "subphoto2": "media/images/products/97fa552f-7272-47cc-a153-23b731738b61.jpg", "subphoto3": "media/images/products/c63e4fbf-a3be-4838-8546-388538e0e58f.jpg", "product_order": 39, "is_visible": true, "price": "5000.00", "size": "58", "des": "You can’t go wrong with a deep navy suit, and this one will work any occasion with its optional waistcoat. Made from a twisted poly-wool material,", "category": 12, "slug": "kostyum-italiya", "available": true, "created": "2021-05-11T18:48:04.844Z", "updated": "2021-05-13T18:58:58.426Z"}}, {"model": "main_clothesmarket.product", "pk": 41, "fields": {"title": "Костюм Белый", "manufactura": "Gucci", "photo": "media/images/products/e5ef3dd2-09e1-4dc4-a9e6-f51b977a38e7.jpg", "subphoto1": "media/images/products/02de351c-526f-46ca-99da-f48e9d414dee.jpg", "subphoto2": "media/images/products/5dbde47b-8061-4581-bff2-ccd6b6352da6.jpg", "subphoto3": "media/images/products/03ac5d23-35e7-45e2-8486-9a08a64f3990.jpg", "product_order": 40, "is_visible": true, "price": "4500.00", "size": "56", "des": "You can’t go wrong with a deep navy suit, and this one will work any occasion with its optional waistcoat Made from a twisted poly-wool material, it", "category": 12, "slug": "kostyum-belyj", "available": true, "created": "2021-05-11T18:49:06.106Z", "updated": "2021-05-13T18:58:58.156Z"}}, {"model": "main_clothesmarket.product", "pk": 42, "fields": {"title": "Брюки Голубые", "manufactura": "Cartier", "photo": "media/images/products/a72fff2a-9af1-4aca-bb03-8b979252c9cb.jpg", "subphoto1": "media/images/products/a90c3dc7-bdf5-4ec8-a5fc-0a06224746d7.jpg", "subphoto2": "media/images/products/1db67719-ebfa-4167-8f75-a110ab4f2b44.jpg", "subphoto3": "media/images/products/b9175172-8e4f-4ac5-9904-b3901f705692.jpg", "product_order": 46, "is_visible": true, "price": "1000.00", "size": "58", "des": "Comfort is just as important as style. Designed with a modern take on our classic chino, made with a soft-touch cotton blend fabric and woven with str", "category": 13, "slug": "bryuki-golubye", "available": true, "created": "2021-05-11T18:56:30.762Z", "updated": "2021-05-13T18:58:57.631Z"}}, {"model": "main_clothesmarket.product", "pk": 43, "fields": {"title": "Брюки Браун", "manufactura": "Cartier", "photo": "media/images/products/283b6b40-bc6f-4f0e-a779-d91955b4f715.jpg", "subphoto1": "media/images/products/d487c2cf-ab9b-41ce-b83c-cdf08f356309.jpg", "subphoto2": "media/images/products/a04ab21b-7b0f-4826-944d-a6a455c80a56.jpg", "subphoto3": "media/images/products/092a2739-76ab-4c4e-b4ac-85e3acacbce1.jpg", "product_order": 47, "is_visible": true, "price": "1040.00", "size": "58", "des": "Comfort is just as important as style. Designed with a modern take on our classic chino, made with a soft-touch cotton blend fabric  woven with str", "category": 13, "slug": "bryuki-braun", "available": true, "created": "2021-05-11T18:57:34.410Z", "updated": "2021-05-13T18:58:57.579Z"}}, {"model": "main_clothesmarket.product", "pk": 44, "fields": {"title": "Брюки Зеленые", "manufactura": "Dolce Gabana", "photo": "media/images/products/5d5f4f38-1a99-4480-b77d-0b8538dcc3cf.jpg", "subphoto1": "media/images/products/7503dc3f-f6b2-4ef9-a255-23f0278fb147.jpg", "subphoto2": "media/images/products/20addb09-78c4-4bd7-8825-5f7fa27342d2.jpg", "subphoto3": "media/images/products/06339a39-570b-4c65-b527-4740f9f734a5.jpg", "product_order": 48, "is_visible": true, "price": "3000.00", "size": "56", "des": "Comfort is just as important as style. Designed with a modern take on our classic chino, made with a soft-touch cotton blend fabric and woven  str", "category": 13, "slug": "bryuki-zelenye", "available": true, "created": "2021-05-11T18:58:42.993Z", "updated": "2021-05-13T18:58:57.677Z"}}, {"model": "main_clothesmarket.product", "pk": 45, "fields": {"title": "Брюки Черные", "manufactura": "Gucci", "photo": "media/images/products/a654f19b-ffc3-4931-9199-9e8b47780703.jpg", "subphoto1": "media/images/products/72fed2a2-cad9-4ad0-ae21-3134b18b0cc9.jpg", "subphoto2": "media/images/products/4a2a5bc3-8ff0-4714-b6ec-a271942e3004.jpg", "subphoto3": "media/images/products/458260aa-916f-4e4c-9be9-5a934bd98aaa.jpg", "product_order": 49, "is_visible": true, "price": "1050.00", "size": "58", "des": "Comfort is just as important as style. Designed with a modern take on our classic chino, made with a soft-touch cotto blend fabric and woven with str", "category": 13, "slug": "bryuki-chernye", "available": true, "created": "2021-05-11T18:59:46.262Z", "updated": "2021-05-13T18:58:57.739Z"}}, {"model": "main_clothesmarket.product", "pk": 46, "fields": {"title": "Брюки Белые", "manufactura": "Dolce Gabana", "photo": "media/images/products/0ad6980e-355e-4152-afcb-57305d61ab7f.jpg", "subphoto1": "media/images/products/67e36792-6272-4f71-ba71-1ea7029eb476.jpg", "subphoto2": "media/images/products/35b59592-2162-4d39-96d5-3e0810792bd6.jpg", "subphoto3": "media/images/products/3e403218-305a-4f98-a682-812ae158daa7.jpg", "product_order": 50, "is_visible": true, "price": "3000.00", "size": "56", "des": "Comfort is just as important as style. Designed with a modern take on our classic chino, made with a soft-touch cotton blend fabric and woven w str", "category": 13, "slug": "bryuki-belye", "available": true, "created": "2021-05-11T19:00:41.053Z", "updated": "2021-05-13T18:58:57.513Z"}}, {"model": "main_clothesmarket.product", "pk": 47, "fields": {"title": "Adidas", "manufactura": "Adidas", "photo": "media/images/products/06dc764c-9f8a-4258-8268-58b3b710d0c0.jpg", "subphoto1": "media/images/products/bfde3f65-e2ec-4085-a534-2e460deb104f.jpg", "subphoto2": "media/images/products/84115b51-3fa4-49d2-b87c-b964c07c2276.jpg", "subphoto3": "media/images/products/7c356779-a4c4-4a0b-b272-83abfc75768a.jpg", "product_order": 51, "is_visible": true, "price": "500.00", "size": "40", "des": "Designed for a sporty look, our logo joggers are made with sweat-wicking fabric to keep you dry, cool and comfortable. Part of a co-ord set with item", "category": 5, "slug": "adidas", "available": true, "created": "2021-05-11T19:17:53.003Z", "updated": "2021-05-13T18:58:57.140Z"}}, {"model": "main_clothesmarket.product", "pk": 48, "fields": {"title": "Костюм Фиолетовый", "manufactura": "Adidas", "photo": "media/images/products/c5d785a4-0179-421e-804e-47fd5bffb54d.jpg", "subphoto1": "media/images/products/9c401e64-b9d7-4682-aaf5-4e35cc2301dc.jpg", "subphoto2": "media/images/products/800a5e27-724f-4a4c-b867-7d68e48d4d21.jpg", "subphoto3": "media/images/products/5a7d61f3-91b4-40e8-a228-9a31b876cf67.jpg", "product_order": 52, "is_visible": true, "price": "1000.00", "size": "38", "des": "Designed for a sporty look, our logo joggers are made with sweat-wicking fabric to keep you dry, cool and comfortable. Part of a set with item", "category": 5, "slug": "kostyum-fioletovyj", "available": true, "created": "2021-05-11T19:19:34.171Z", "updated": "2021-05-21T09:00:50.928Z"}}, {"model": "main_clothesmarket.product", "pk": 49, "fields": {"title": "Reebok", "manufactura": "Reebok", "photo": "media/images/products/87f56b23-52c2-45cc-ae3d-22077eefa51e.jpg", "subphoto1": "media/images/products/72071416-2dd8-4cac-a1f3-1ad2ef8e39d9.jpg", "subphoto2": "media/images/products/7fbb32cd-88ec-493c-9481-c433089ab48d.jpg", "subphoto3": "media/images/products/7bf26715-78c4-4000-9bb2-3a9eef4bd969.jpg", "product_order": 53, "is_visible": true, "price": "1000.00", "size": "40", "des": "Designed for a sporty look, our logo joggers are made with sweat-wicking fabric to keep you dry, cool and comfortable. Part of  co-ord set with item", "category": 5, "slug": "reebok", "available": true, "created": "2021-05-11T19:20:36.556Z", "updated": "2021-05-21T10:11:46.041Z"}}, {"model": "main_clothesmarket.product", "pk": 50, "fields": {"title": "Костюм Розовый", "manufactura": "Reebok", "photo": "media/images/products/8c41838c-5cdd-499c-b5f3-af987d1fb11f.jpg", "subphoto1": "media/images/products/572fc651-1c3a-4d3a-9e87-b3d574b9b284.jpg", "subphoto2": "media/images/products/1a8b3ace-1442-43c6-b059-f19419b486a6.jpg", "subphoto3": "media/images/products/ed4a2da0-b2ca-441d-9bd4-66aee5a741a6.jpg", "product_order": 54, "is_visible": true, "price": "1000.00", "size": "52", "des": "Designed for a sporty look, our logo joggers are made with sweat-wicking fabric to keep you dry, cool and comfortable Part of a co-ord set with item", "category": 5, "slug": "kostyum-rozovyj", "available": true, "created": "2021-05-11T19:22:08.612Z", "updated": "2021-05-13T18:58:58.475Z"}}, {"model": "main_clothesmarket.product", "pk": 51, "fields": {"title": "Кроссовки Б", "manufactura": "Adidas", "photo": "media/images/products/113920ac-8336-478a-8e52-0ed2f88366f9.jpg", "subphoto1": "media/images/products/346fa692-d1d6-4a69-b1a8-a46212d25309.jpg", "subphoto2": "media/images/products/656ff55f-5a6a-4bb2-a6c7-3f6e4aa2ef40.jpg", "subphoto3": "media/images/products/321aa1c5-0cc4-42d3-b649-caf2920fbece.jpg", "product_order": 55, "is_visible": true, "price": "2000.00", "size": "52", "des": "Designed for a sporty look, our logo joggers are made with sweat-wicking fabric to keep you dry, cool and comfortable. Part of a co-ord se item", "category": 6, "slug": "krossovki-b", "available": true, "created": "2021-05-11T19:25:14.670Z", "updated": "2021-05-19T20:33:44.415Z"}}, {"model": "main_clothesmarket.product", "pk": 52, "fields": {"title": "Кроссовки Розовые", "manufactura": "Adidas", "photo": "media/images/products/83a041a9-d26e-425f-847e-e5d18eb02303.jpg", "subphoto1": "media/images/products/1111a9ce-1048-4dc4-9b14-8f98a029561d.jpg", "subphoto2": "media/images/products/163755c0-debf-434f-9e4a-59842d3aa8fa.jpg", "subphoto3": "media/images/products/0a5929d0-9ad7-4b86-b994-47398ea1441d.jpg", "product_order": 56, "is_visible": true, "price": "3400.00", "size": "52", "des": "Designed for a sporty look, our logo joggers are made with sweat-wicking fabric to keep you dry, cool and comfortable. Part of a co-ord set w", "category": 6, "slug": "krossovki-rozovye", "available": true, "created": "2021-05-11T19:27:28.464Z", "updated": "2021-05-13T18:58:58.903Z"}}, {"model": "main_clothesmarket.product", "pk": 53, "fields": {"title": "Кроссовки Пинк", "manufactura": "Adidas", "photo": "media/images/products/204860d7-8d1a-4e51-b2b6-abaac134fc5b.jpg", "subphoto1": "media/images/products/f518efed-a17c-443a-83a6-c69e9d53d030.jpg", "subphoto2": "media/images/products/f00c631c-2b47-40dc-8cc3-701a88f613ca.jpg", "subphoto3": "media/images/products/479d021f-cb09-4e2d-a8af-e15eb8ce04c4.jpg", "product_order": 57, "is_visible": true, "price": "2300.00", "size": "38", "des": "Designed for a sporty look, our logo joggers are made with sweat-wicking fabric to keep you dry, cool and comfortable. Pd set with item", "category": 6, "slug": "krossovki-pink", "available": true, "created": "2021-05-11T19:28:38.326Z", "updated": "2021-05-13T18:58:58.863Z"}}, {"model": "main_clothesmarket.product", "pk": 54, "fields": {"title": "Кроссовки Белые", "manufactura": "Reebok", "photo": "media/images/products/2e87c30e-508b-4321-8a0c-0288d5a43e9d.jpg", "subphoto1": "media/images/products/e8595817-dcd2-4453-9782-a6009ed6d52a.jpg", "subphoto2": "media/images/products/c4294888-eadc-4a03-8ac0-9a81dc769345.jpg", "subphoto3": "media/images/products/e3d06fda-20bf-4681-a38c-2db4ecbba0a2.jpg", "product_order": 58, "is_visible": true, "price": "2400.00", "size": "38", "des": "Designed for a sporty look, our logo joggers are made with sweat-wicking fabric to keep you dry, cool and comfortable.", "category": 6, "slug": "krossovki-belye", "available": true, "created": "2021-05-11T19:29:54.941Z", "updated": "2021-05-13T18:58:58.825Z"}}, {"model": "main_clothesmarket.product", "pk": 55, "fields": {"title": "Сумка Цветная", "manufactura": "Cartier", "photo": "media/images/products/7a3b17ce-f3cb-442b-94d4-686b167ee34e.jpg", "subphoto1": "media/images/products/540582cd-114f-4e5e-a929-005602778d73.jpg", "subphoto2": "media/images/products/bc3c22ea-f19a-4469-a480-64f74e4e9508.jpg", "subphoto3": "media/images/products/9ae500ee-3f1c-4c48-9128-ad6aec2a2376.jpg", "product_order": 59, "is_visible": true, "price": "1000.00", "size": "1", "des": "This beach bag is designed with a detachable cross-body strap. It folds up into a zip pouch, which can then be used as an internal pocket. Height 40cm", "category": 7, "slug": "sumka-cvetnaya", "available": true, "created": "2021-05-11T19:45:20.131Z", "updated": "2021-05-13T18:59:00.355Z"}}, {"model": "main_clothesmarket.product", "pk": 56, "fields": {"title": "Кепка", "manufactura": "Cartier", "photo": "media/images/products/bf429290-92cc-4933-8008-a49235135173.jpg", "subphoto1": "media/images/products/b7bcc596-470f-462d-ae9e-d85729350966.jpg", "subphoto2": "media/images/products/6b214f3b-b9c7-47a3-a26c-a70e1b697552.jpg", "subphoto3": "media/images/products/3d6d5056-d856-4372-898a-d5594103d0f9.jpg", "product_order": 60, "is_visible": true, "price": "1000.00", "size": "1", "des": "This beach bag is designed with a detachable cross-body strap. It folds up into a zip pouch", "category": 7, "slug": "kepka", "available": true, "created": "2021-05-11T19:46:32.550Z", "updated": "2021-05-13T18:58:58.100Z"}}, {"model": "main_clothesmarket.product", "pk": 57, "fields": {"title": "Очки", "manufactura": "Dolce Gabana", "photo": "media/images/products/c04f348e-b2af-4032-9aed-10c81f4cbb49.jpg", "subphoto1": "media/images/products/b5844357-b074-41c5-afb5-1d2618dab1d8.jpg", "subphoto2": "media/images/products/d2f2b850-eea4-4305-9ce2-dc42ab8632e8.jpg", "subphoto3": "media/images/products/c884da60-fc8f-4157-9866-fb8c6f00391c.jpg", "product_order": 61, "is_visible": true, "price": "1000.00", "size": "1", "des": "This beach bag is designed with a detachable cross-body strap.", "category": 7, "slug": "ochki", "available": true, "created": "2021-05-11T19:47:31.647Z", "updated": "2021-05-13T18:58:59.158Z"}}, {"model": "main_clothesmarket.product", "pk": 58, "fields": {"title": "Шарф", "manufactura": "Gucci", "photo": "media/images/products/8703b52a-f26f-4398-9f4f-93e58b7d3024.jpg", "subphoto1": "media/images/products/a120a483-749d-4c14-9de8-bce39a264026.jpg", "subphoto2": "media/images/products/c7ac56d0-0b6f-4dbc-96bf-e79c31a67e61.jpg", "subphoto3": "media/images/products/582c0373-db69-41e7-a39b-be2ed13915cc.jpg", "product_order": 62, "is_visible": true, "price": "1000.00", "size": "1", "des": "This beach bag is designed with a detachable cross-body strap. It folds up into a zip pouch, which can then", "category": 7, "slug": "sharf", "available": true, "created": "2021-05-11T19:48:32.598Z", "updated": "2021-05-13T18:59:00.545Z"}}, {"model": "main_clothesmarket.product", "pk": 59, "fields": {"title": "Костюм Женский Черный", "manufactura": "Gucci", "photo": "media/images/products/7c97f1b4-9e6c-427f-9202-7292bc933aa8.jpg", "subphoto1": "media/images/products/4cf95741-246f-4623-8da6-b682d9360594.jpg", "subphoto2": "media/images/products/f5da7896-a2e5-4e0e-9ae7-6286e1ba4881.jpg", "subphoto3": "media/images/products/d61d74ca-75fb-4fc0-8249-902008a5ec6b.jpg", "product_order": 63, "is_visible": true, "price": "4000.00", "size": "52", "des": "Add a dash of colour to your tailoring with this striking crepe jacket. It's styled in a relaxed single-breasted design, with a peaked lapel, flap poc", "category": 8, "slug": "kostyum-zhenskij-chernyj", "available": true, "created": "2021-05-11T19:51:14.735Z", "updated": "2021-05-13T18:58:58.405Z"}}, {"model": "main_clothesmarket.product", "pk": 60, "fields": {"title": "Костюм Женский Зеленый", "manufactura": "Dolce Gabana", "photo": "media/images/products/71d0e540-87df-4621-8c18-1292257b5e23.jpg", "subphoto1": "media/images/products/3b5770a4-57df-472d-a501-6a4f9b7031c1.jpg", "subphoto2": "media/images/products/a9c1db68-47a0-4010-9b71-1b9cce4c2f18.jpg", "subphoto3": "media/images/products/5ec5e306-a46f-4b73-8123-5afd30ffd202.jpg", "product_order": 64, "is_visible": true, "price": "3500.00", "size": "40", "des": "Add a dash of colour to your tailoring with this striking crepe jacket. It's styled in a relaxed single-breasted design, withc", "category": 8, "slug": "kostyum-zhenskij-zelenyj", "available": true, "created": "2021-05-11T19:52:43.470Z", "updated": "2021-05-13T18:58:58.329Z"}}, {"model": "main_clothesmarket.product", "pk": 61, "fields": {"title": "Костюм Женский Красный", "manufactura": "Cartier", "photo": "media/images/products/75f61fa8-113a-4419-b37e-5b76fd37b819.jpg", "subphoto1": "media/images/products/83df09b0-06ec-48cc-a96a-d7957755b05f.jpg", "subphoto2": "media/images/products/0996ab66-2253-4c5f-aa4d-8cfb836c7f17.jpg", "subphoto3": "media/images/products/882e76b4-bc5d-4e7a-98ff-113a24e8f0d9.jpg", "product_order": 65, "is_visible": true, "price": "4500.00", "size": "42", "des": "Add a dash of colour to your tailoring with this striking crepe jacket. It's styled in a relaxed single-breasted design with a peaked lapel, flap poc", "category": 8, "slug": "kostyum-zhenskij-krasnyj", "available": true, "created": "2021-05-11T19:53:51.065Z", "updated": "2021-05-13T18:58:58.351Z"}}, {"model": "main_clothesmarket.product", "pk": 62, "fields": {"title": "Костюм Женский Желтый", "manufactura": "Dolce Gabana", "photo": "media/images/products/5ed92471-4be7-43e3-acea-3230fbc36389.jpg", "subphoto1": "media/images/products/237e8236-0d78-4c17-8d4d-c7b6dcb29dc7.jpg", "subphoto2": "media/images/products/e2cbf7e1-b27b-4c03-a158-4a5ea0a8ffdc.jpg", "subphoto3": "media/images/products/b96b6e34-cf96-4983-a38e-9cb227ade11b.jpg", "product_order": 66, "is_visible": true, "price": "3200.00", "size": "42", "des": "Add a dash of colour to your tailoring with this striking crepe jacket. It's styled in a relaxed single-breasted design, with a peaked lapel, poc", "category": 8, "slug": "kostyum-zhenskij-zheltyj", "available": true, "created": "2021-05-11T19:54:56.028Z", "updated": "2021-05-13T18:58:58.291Z"}}, {"model": "main_clothesmarket.product", "pk": 63, "fields": {"title": "Костюм Женский Браун", "manufactura": "Dolce Gabana", "photo": "media/images/products/838d7149-b15f-4f0d-8035-24ef452215d9.jpg", "subphoto1": "media/images/products/2f2b6284-584b-45c5-b053-bc49102c4fd8.jpg", "subphoto2": "media/images/products/a34976b7-c5ac-42e2-bfce-ecccb774156c.jpg", "subphoto3": "media/images/products/d9986542-e251-4201-855c-4e2f0ebd870e.jpg", "product_order": 67, "is_visible": true, "price": "2300.00", "size": "40", "des": "Add a dash of colour to your tailoring with this striking crepe jacket. It's styled in a relaxed single-breasted design, with a peaked , flap poc", "category": 8, "slug": "kostyum-zhenskij-braun", "available": true, "created": "2021-05-11T19:55:55.272Z", "updated": "2021-05-13T18:58:58.240Z"}}, {"model": "main_clothesmarket.product", "pk": 64, "fields": {"title": "Сумка Мужские Черная", "manufactura": "Cartier", "photo": "media/images/products/d1d6e7a0-cecf-41c6-852b-91901f7d44b9.jpg", "subphoto1": "media/images/products/4ebe6da8-f51a-4e77-a645-34e95ee19089.jpg", "subphoto2": "media/images/products/1728a255-7a68-439b-ac63-c26e0f6c66a5.jpg", "subphoto3": "media/images/products/2d15d8dc-0ad4-42d4-b7ea-54830f986bc5.jpg", "product_order": 68, "is_visible": true, "price": "2000.00", "size": "1", "des": "This waxed holdall, with a double pocket detail, features a removable/adjustable strap and an internal pocket. Height 29cm Width 48cm Depth 18cm", "category": 15, "slug": "sumka-muzhskie-chernaya", "available": true, "created": "2021-05-12T05:36:45.895Z", "updated": "2021-05-13T18:59:00.176Z"}}, {"model": "main_clothesmarket.product", "pk": 65, "fields": {"title": "Сумка Мужская Темная", "manufactura": "Dolce Gabana", "photo": "media/images/products/11a4603a-b53e-4619-a7dc-b30e0ed6434e.jpg", "subphoto1": "media/images/products/31bda7b6-a50f-427e-b4dc-89e7a9d5ed6f.jpg", "subphoto2": "media/images/products/f48b9320-3d26-4dd4-9877-ed1e3af3fd8d.jpg", "subphoto3": "media/images/products/dde40ef2-bc05-42df-8c15-52671599f65d.jpg", "product_order": 69, "is_visible": true, "price": "1000.00", "size": "1", "des": "This waxed holdall, with a double pocket detail, features a removable/adjustable strap and an internal pocket.", "category": 15, "slug": "sumka-muzhskaya-temnaya", "available": true, "created": "2021-05-12T05:38:36.463Z", "updated": "2021-05-13T18:59:00.124Z"}}, {"model": "main_clothesmarket.product", "pk": 66, "fields": {"title": "Сумка Мужская Зеленая", "manufactura": "Gucci", "photo": "media/images/products/405caa03-fdd3-4b71-b5f5-9a16ab336a7d.jpg", "subphoto1": "media/images/products/565d38a9-3cdd-4245-9e07-86b2a75ee378.jpg", "subphoto2": "media/images/products/ca5252e1-23e3-4c70-bdb7-1dc74efacbd8.jpg", "subphoto3": "media/images/products/05e10f7f-ca59-456a-a010-eddbd09b05fb.jpg", "product_order": 70, "is_visible": true, "price": "1000.00", "size": "1", "des": "This waxed holdall, with a double pocket detail, features a removable/adjustable strap and an internal pocket", "category": 15, "slug": "sumka-muzhskaya-zelenaya", "available": true, "created": "2021-05-12T05:39:58.119Z", "updated": "2021-05-21T09:00:13.703Z"}}, {"model": "main_clothesmarket.product", "pk": 67, "fields": {"title": "Сумка Мужская Браун", "manufactura": "Dolce Gabana", "photo": "media/images/products/71cf43c0-e595-4ca4-b11e-aa63b5ec826b.jpg", "subphoto1": "media/images/products/c9d7c68a-c27e-463d-8d0c-08df53d93cd0.jpg", "subphoto2": "media/images/products/cb5f1548-d2cd-496f-b4ba-3955d9134939.jpg", "subphoto3": "media/images/products/6dc7e7f1-ee4e-4369-a053-e4d17a1567fc.jpg", "product_order": 71, "is_visible": true, "price": "1200.00", "size": "1", "des": "This waxed holdalt. 29cm Width 48cm Depth 18cm", "category": 15, "slug": "sumka-muzhskaya-braun", "available": true, "created": "2021-05-12T05:41:17.433Z", "updated": "2021-05-16T18:46:18.503Z"}}, {"model": "main_clothesmarket.product", "pk": 68, "fields": {"title": "Сумка Женская Черная", "manufactura": "Gucci", "photo": "media/images/products/fc2d90b0-8f49-41bc-bf2d-b4742fe6a764.jpg", "subphoto1": "media/images/products/64337007-efac-4c9b-b512-3092cf5235f4.jpg", "subphoto2": "media/images/products/d0fba046-9711-488f-9d6e-18163c0c3b6f.jpg", "subphoto3": "media/images/products/8f27cdd6-76b6-40d3-b786-56ea7e829cda.jpg", "product_order": 72, "is_visible": true, "price": "1000.00", "size": "1", "des": "This waxed holdall, with a double pocket detail, features a removable/adjustable strap and an internal pocket. Height 18cm", "category": 17, "slug": "sumka-zhenskaya-chernaya", "available": true, "created": "2021-05-12T05:43:08.361Z", "updated": "2021-05-13T18:58:59.965Z"}}, {"model": "main_clothesmarket.product", "pk": 69, "fields": {"title": "Сумка Женская Браун", "manufactura": "Cartier", "photo": "media/images/products/336934f4-3216-419d-8b7d-7a96a12c9486.jpg", "subphoto1": "media/images/products/42eb4676-cd1e-44b5-8dd7-37ec21cc79e2.jpg", "subphoto2": "media/images/products/57044fcb-5b3a-4a5d-aca9-301e0c3764da.jpg", "subphoto3": "media/images/products/35234d01-b72f-4576-b14c-203f5da33e55.jpg", "product_order": 73, "is_visible": true, "price": "1240.00", "size": "1", "des": "This waxed holdall, with a double pocket detail, features a removable/adjustable strap and an internal pocket. Height 29cm Width 48c", "category": 17, "slug": "sumka-zhenskaya-braun", "available": true, "created": "2021-05-12T05:44:38.584Z", "updated": "2021-05-13T18:58:59.765Z"}}, {"model": "main_clothesmarket.product", "pk": 70, "fields": {"title": "Сумка Женская Красная", "manufactura": "Dolce Gabana", "photo": "media/images/products/20e6e687-e0b8-4594-bde6-802c87cfbc58.jpg", "subphoto1": "media/images/products/ae1142a6-805f-471a-aeef-3dd032cdaaff.jpg", "subphoto2": "media/images/products/f98f07d5-767f-4be1-8517-8c6ff4a66e5e.jpg", "subphoto3": "media/images/products/993b95a3-f67d-4a8e-8f9f-3e4836241b5b.jpg", "product_order": 74, "is_visible": true, "price": "2390.00", "size": "1", "des": "This waxed holdall, with a double pocket detail, features a removable/adjustable strap and an internal pocket.  Width 48cm Depth 18cm", "category": 17, "slug": "sumka-zhenskaya-krasnaya", "available": true, "created": "2021-05-12T05:46:00.179Z", "updated": "2021-05-13T18:58:59.872Z"}}, {"model": "main_clothesmarket.product", "pk": 71, "fields": {"title": "Сумка Женская Зеленая", "manufactura": "Gucci", "photo": "media/images/products/6fa9fb0b-4777-43b7-b21e-abcffbf2e7af.jpg", "subphoto1": "media/images/products/8366fb19-52e1-47a6-87b5-cb020abda76d.jpg", "subphoto2": "media/images/products/323b9400-17c6-4256-8b19-a2407c8c7841.jpg", "subphoto3": "media/images/products/e0dff485-05c2-45c3-97a0-92add877a249.jpg", "product_order": 75, "is_visible": true, "price": "1200.00", "size": "1", "des": "This waxed holdall, with a double pocket detail, features a removable/adjustable strap and an internal pocket. Height 29cm Width 48cm Depth 18", "category": 17, "slug": "sumka-zhenskaya-zelenaya", "available": true, "created": "2021-05-12T05:47:25.081Z", "updated": "2021-05-13T18:58:59.838Z"}}, {"model": "main_clothesmarket.product", "pk": 72, "fields": {"title": "Сумка Женская Зеленая", "manufactura": "Gucci", "photo": "media/images/products/e771f26f-c3a8-4343-acab-0d42db1a554c.jpg", "subphoto1": "media/images/products/0ea3fe7e-b53d-41d4-b78a-dac11cb5e925.jpg", "subphoto2": "media/images/products/660f2542-f307-4bad-a528-9229770868a1.jpg", "subphoto3": "media/images/products/0fde610e-00d4-4afb-84f2-13755435dfe5.jpg", "product_order": 76, "is_visible": true, "price": "1200.00", "size": "1", "des": "This waxed holdall, with a double poail, features a removable/adjustable strap and an internal pocket. Height 29cm Width 48cm Depth 18", "category": 17, "slug": "sumka-zhenskaya-zelenaya", "available": true, "created": "2021-05-12T05:48:17.328Z", "updated": "2021-05-13T18:58:59.803Z"}}, {"model": "main_clothesmarket.product", "pk": 73, "fields": {"title": "Чемодан Черный", "manufactura": "Cartier", "photo": "media/images/products/48ead8ed-fdec-4a7f-97eb-840268c30d1e.jpg", "subphoto1": "media/images/products/fd20daf2-cd7f-44f2-a466-c514ad5d9e97.jpg", "subphoto2": "media/images/products/80e26c17-dabc-4e25-8d9a-1eab757702b4.jpg", "subphoto3": "media/images/products/09188d96-1def-49fc-bfa4-6c544f49d6fa.jpg", "product_order": 77, "is_visible": true, "price": "4000.00", "size": "100", "des": "Lightweight Soft Shell collection from Next. This four-wheel 360-degree spinner suitcase comes equipped with a combination padlock, top and side handl", "category": 14, "slug": "chemodan-chernyj", "available": true, "created": "2021-05-12T05:52:13.846Z", "updated": "2021-05-13T18:59:00.526Z"}}, {"model": "main_clothesmarket.product", "pk": 74, "fields": {"title": "Чемодан Синий", "manufactura": "Gucci", "photo": "media/images/products/c703910b-3d02-472c-aa1f-b7fd547f3fca.jpg", "subphoto1": "media/images/products/7cd94bbd-c5d9-41e5-be2e-7468e5100d96.jpg", "subphoto2": "media/images/products/f2c042a7-960e-490b-9f13-2584b93a7a0c.jpg", "subphoto3": "media/images/products/0ecaaf6a-e2e3-42db-a969-d0f91dda5fa9.jpg", "product_order": 78, "is_visible": true, "price": "2500.00", "size": "100", "des": "Lightweight Soft Shell collection from Next. This four-wheel 360-degree spinner suitcase comes equipped with a combination padlock  top and side handl", "category": 14, "slug": "chemodan-sinij", "available": true, "created": "2021-05-12T05:53:14.828Z", "updated": "2021-05-19T20:29:06.090Z"}}, {"model": "main_clothesmarket.product", "pk": 75, "fields": {"title": "Чемодан Серый", "manufactura": "Cartier", "photo": "media/images/products/b99e573c-0b47-443e-b5d2-4808c7cfb606.jpg", "subphoto1": "media/images/products/70f2d8d8-19e3-40ff-8ad1-e56723b55e6b.jpg", "subphoto2": "media/images/products/e5107279-d407-48dd-9256-9d9f7a149248.jpg", "subphoto3": "media/images/products/e49d4464-7414-4236-a768-7dcfdad38fb7.jpg", "product_order": 79, "is_visible": true, "price": "3400.00", "size": "100", "des": "Lightweight Soft Shell collection from NextThis four-wheel 360-degree spinner suitcase comes equipped with a combination padlock, top and side handl", "category": 14, "slug": "chemodan-seryj", "available": true, "created": "2021-05-12T05:54:37.011Z", "updated": "2021-05-19T20:33:46.259Z"}}, {"model": "main_clothesmarket.product", "pk": 76, "fields": {"title": "Чемодан Браун", "manufactura": "Cartier", "photo": "media/images/products/842dacc9-2b7c-42dc-8949-a5bd10f4d6e4.jpg", "subphoto1": "media/images/products/352b048d-23f5-49b2-8ea1-f615b56d1b38.jpg", "subphoto2": "media/images/products/07517db7-dd71-44f3-9f58-4a0318119a30.jpg", "subphoto3": "media/images/products/71fc4767-606a-4726-8e0e-757ade1ea1be.jpg", "product_order": 80, "is_visible": true, "price": "2570.00", "size": "100", "des": "Lightweight Soft Shell collection from Next. This four-wheel 360-degree spinner suitcase comes equipped with a combination padlock, top and side", "category": 14, "slug": "chemodan-braun", "available": true, "created": "2021-05-12T05:55:51.327Z", "updated": "2021-05-16T16:40:42.020Z"}}, {"model": "main_clothesmarket.product", "pk": 77, "fields": {"title": "Сумка Спорт Адидас", "manufactura": "Adidas", "photo": "media/images/products/4e7ab7cc-70dc-4073-a941-5b8bc60dc472.jpg", "subphoto1": "media/images/products/3c34018a-f8dc-49dd-8e63-652b61a057df.jpg", "subphoto2": "media/images/products/6952ed8a-b5a7-4073-b1c9-a8fa07e206a0.jpg", "subphoto3": "media/images/products/1c1ec0a8-785b-4797-ab87-ea2a948842dd.jpg", "product_order": 81, "is_visible": true, "price": "4900.00", "size": "1", "des": "Weekend away in style with this adidas duffel bag. It's cut from durable material that's dirt- and water-resistant so it can protect your gear no matt", "category": 16, "slug": "sumka-sport-adidas", "available": false, "created": "2021-05-12T05:59:06.900Z", "updated": "2021-05-21T14:09:40.332Z"}}, {"model": "main_clothesmarket.product", "pk": 78, "fields": {"title": "Сумка Спорт Найк", "manufactura": "Nike", "photo": "media/images/products/e8a6afdf-280a-4158-899e-dd7f305d4d4d.jpg", "subphoto1": "media/images/products/351c2ce5-db6a-4e3d-86ad-ff7a5dd8858b.jpg", "subphoto2": "media/images/products/7b513058-374e-4028-86df-02abad140df8.jpg", "subphoto3": "media/images/products/dd01d162-45e0-4d6c-a5c1-03f4df0e9f30.jpg", "product_order": 82, "is_visible": true, "price": "1000.00", "size": "1", "des": "Weekend away in style with this  duffel bag. It's cut from durable material that's dirt- and water-resistant so it can protect your gear no matt", "category": 16, "slug": "sumka-sport-najk", "available": true, "created": "2021-05-12T06:01:01.337Z", "updated": "2021-05-16T18:04:49.573Z"}}, {"model": "main_clothesmarket.product", "pk": 79, "fields": {"title": "Сумка Спорт nike", "manufactura": "Nike", "photo": "media/images/products/62fc8c8e-dea2-4d76-adf8-c3f50cbfcfe2.jpg", "subphoto1": "media/images/products/9e577af8-a26a-44cc-81e0-8529ed9a3417.jpg", "subphoto2": "media/images/products/5ad470c8-7241-4788-9b72-031b91d22c04.jpg", "subphoto3": "media/images/products/9b5b286d-19a4-4aa6-b673-5b60dc855d95.jpg", "product_order": 83, "is_visible": true, "price": "2000.00", "size": "1", "des": "Weekend away in style with this Nike duffel bag. It's cut from durable material that's dirt- and water-resistant so it can protect your gear no matt", "category": 16, "slug": "sumka-sport-nike", "available": true, "created": "2021-05-12T06:02:47.780Z", "updated": "2021-05-21T11:20:15.636Z"}}, {"model": "main_clothesmarket.product", "pk": 80, "fields": {"title": "Сумка Зеленая Адидас", "manufactura": "Adidas", "photo": "media/images/products/b2bfc3da-2f56-4aa4-a4f4-c78dfa1a50d4.jpg", "subphoto1": "media/images/products/d94e4d8d-24f7-4d34-8318-78ac5f854361.jpg", "subphoto2": "media/images/products/ae309084-b8fa-40f3-9daf-5d9d7d006d61.jpg", "subphoto3": "media/images/products/4ebf6daa-c0d9-47b4-909f-306adb12139c.jpg", "product_order": 84, "is_visible": true, "price": "3000.00", "size": "1", "des": "Weekend away in style with this adidas duffel bag. It's cut from durable material that's dirt- and water-resistant  it can protect your gear no matt", "category": 16, "slug": "sumka-zelenaya-adidas", "available": true, "created": "2021-05-12T06:04:18.122Z", "updated": "2021-05-13T18:59:00.021Z"}}, {"model": "main_clothesmarket.message", "pk": 1, "fields": {"user_name": "Borys", "user_email": "borystarasov@gmail.com", "user_message": "rete", "pub_date": "2021-05-08", "is_processed": true}}, {"model": "main_clothesmarket.message", "pk": 2, "fields": {"user_name": "borys", "user_email": "borystarasov@gmail.com", "user_message": "gggggggggggggggggg", "pub_date": "2021-05-08", "is_processed": false}}, {"model": "main_clothesmarket.message", "pk": 3, "fields": {"user_name": "borys", "user_email": "borystarasov@gmail.com", "user_message": "ghj", "pub_date": "2021-05-13", "is_processed": false}}, {"model": "main_clothesmarket.aboutus", "pk": 1, "fields": {"des": "Время одеваться стильно!    Время предложить покупателю только самое лучшее!   Вас приветствует интерактивная торговая площадка, где Вы сможете купить обувь и одежду без рядов ОПТОМ и в РОЗНИЦУ.   Лучшие модели из натуральных тканей от турецких, испанских, итальянских, российских и китайских производителей - нам есть что предложить!   Качественная обувь различных фасонов и на любой сезон – с нами", "photo": "243-742s.jpg", "is_visible": true}}, {"model": "main_clothesmarket.phone", "pk": 1, "fields": {"phone": "380676569239", "is_visible": true}}, {"model": "main_clothesmarket.phone", "pk": 2, "fields": {"phone": "0676569238", "is_visible": true}}, {"model": "main_clothesmarket.adress", "pk": 1, "fields": {"city": "Киев", "street": "пр. Комарова", "building": "1"}}, {"model": "main_clothesmarket.adress", "pk": 2, "fields": {"city": "Чоп", "street": "ул. Хоревая", "building": "10"}}, {"model": "main_clothesmarket.openinghours", "pk": 1, "fields": {"day": "Пн - Вс", "hours": "с 10 до 23", "is_visible": true}}, {"model": "main_clothesmarket.openinghours", "pk": 2, "fields": {"day": "Пн - Вс", "hours": "с 10 до 23", "is_visible": true}}, {"model": "main_clothesmarket.shopinfo", "pk": 2, "fields": {"adress_id": 1, "phone_id": 1}}, {"model": "main_clothesmarket.shopinfo", "pk": 3, "fields": {"adress_id": 2, "phone_id": 2}}, {"model": "order_clothesmarket.order", "pk": 1, "fields": {"first_name": "borys", "last_name": "Tarasov", "email": "borystarasov@gmail.com", "address": "Heroyv Sevastopolya", "city": "Kyiv", "created": "2021-05-09T11:41:23.371Z", "updated": "2021-05-09T11:41:23.371Z", "paid": false}}, {"model": "order_clothesmarket.order", "pk": 2, "fields": {"first_name": "borys", "last_name": "Tarasov", "email": "borystarasov@gmail.com", "address": "Heroyv Sevastopolya", "city": "Kyiv", "created": "2021-05-11T18:34:05.401Z", "updated": "2021-05-11T18:34:05.401Z", "paid": false}}, {"model": "order_clothesmarket.order", "pk": 3, "fields": {"first_name": "borys", "last_name": "Tarasov", "email": "borystarasov@gmail.com", "address": "Heroyv Sevastopolya", "city": "Kyiv", "created": "2021-05-11T20:45:24.946Z", "updated": "2021-05-11T20:45:24.946Z", "paid": false}}, {"model": "order_clothesmarket.order", "pk": 4, "fields": {"first_name": "borys", "last_name": "Tarasov", "email": "borystarasov@gmail.com", "address": "Heroyv Sevastopolya", "city": "Kyiv", "created": "2021-05-12T06:53:36.915Z", "updated": "2021-05-12T06:53:36.915Z", "paid": false}}, {"model": "order_clothesmarket.order", "pk": 5, "fields": {"first_name": "borys", "last_name": "Tarasov", "email": "borystarasov@gmail.com", "address": "Heroyv Sevastopolya", "city": "Kyiv", "created": "2021-05-12T08:14:52.580Z", "updated": "2021-05-12T08:14:52.580Z", "paid": false}}, {"model": "order_clothesmarket.order", "pk": 6, "fields": {"first_name": "borys", "last_name": "Tarasov", "email": "borystarasov@gmail.com", "address": "Heroyv Sevastopolya", "city": "Kyiv", "created": "2021-05-13T09:58:36.440Z", "updated": "2021-05-13T09:58:36.440Z", "paid": false}}, {"model": "order_clothesmarket.order", "pk": 7, "fields": {"first_name": "borys", "last_name": "Tarasov", "email": "borystarasov@gmail.com", "address": "Heroyv Sevastopolya", "city": "Kyiv", "created": "2021-05-13T12:57:11.310Z", "updated": "2021-05-13T12:57:11.310Z", "paid": false}}, {"model": "order_clothesmarket.order", "pk": 8, "fields": {"first_name": "borys", "last_name": "Tarasov", "email": "borystarasov@gmail.com", "address": "Heroyv Sevastopolya", "city": "Kyiv", "created": "2021-05-13T16:48:21.501Z", "updated": "2021-05-13T16:48:21.501Z", "paid": false}}, {"model": "order_clothesmarket.order", "pk": 9, "fields": {"first_name": "borys", "last_name": "Tarasov", "email": "borystarasov@gmail.com", "address": "Heroyv Sevastopolya", "city": "Kyiv", "created": "2021-05-13T16:50:17.341Z", "updated": "2021-05-13T16:50:17.341Z", "paid": false}}, {"model": "order_clothesmarket.order", "pk": 10, "fields": {"first_name": "borys", "last_name": "Tarasov", "email": "borystarasov@gmail.com", "address": "Heroyv Sevastopolya", "city": "Kyiv", "created": "2021-05-13T16:53:15.054Z", "updated": "2021-05-13T16:53:15.054Z", "paid": false}}, {"model": "order_clothesmarket.order", "pk": 11, "fields": {"first_name": "borys", "last_name": "Tarasov", "email": "borystarasov@gmail.com", "address": "Heroyv Sevastopolya", "city": "Kyiv", "created": "2021-05-13T17:06:08.892Z", "updated": "2021-05-13T17:06:08.892Z", "paid": false}}, {"model": "order_clothesmarket.order", "pk": 12, "fields": {"first_name": "borys", "last_name": "Tarasov", "email": "borystarasov@gmail.com", "address": "Heroyv Sevastopolya", "city": "Kyiv", "created": "2021-05-13T17:12:11.356Z", "updated": "2021-05-13T17:12:11.356Z", "paid": false}}, {"model": "order_clothesmarket.order", "pk": 13, "fields": {"first_name": "borys", "last_name": "Tarasov", "email": "borystarasov@gmail.com", "address": "Heroyv Sevastopolya", "city": "Kyiv", "created": "2021-05-13T17:44:35.403Z", "updated": "2021-05-13T17:44:35.403Z", "paid": false}}, {"model": "order_clothesmarket.order", "pk": 14, "fields": {"first_name": "borys", "last_name": "Tarasov", "email": "borystarasov@gmail.com", "address": "Heroyv Sevastopolya", "city": "Kyiv", "created": "2021-05-13T17:47:11.630Z", "updated": "2021-05-13T17:47:11.630Z", "paid": false}}, {"model": "order_clothesmarket.order", "pk": 15, "fields": {"first_name": "borys", "last_name": "Tarasov", "email": "borystarasov@gmail.com", "address": "Heroyv Sevastopolya", "city": "Kyiv", "created": "2021-05-13T17:50:45.024Z", "updated": "2021-05-13T17:50:45.024Z", "paid": false}}, {"model": "order_clothesmarket.order", "pk": 16, "fields": {"first_name": "borys", "last_name": "Tarasov", "email": "borystarasov@gmail.com", "address": "Heroyv Sevastopolya", "city": "Kyiv", "created": "2021-05-13T17:50:45.153Z", "updated": "2021-05-13T17:50:45.153Z", "paid": false}}, {"model": "order_clothesmarket.order", "pk": 17, "fields": {"first_name": "borys", "last_name": "Tarasov", "email": "borystarasov@gmail.com", "address": "Heroyv Sevastopolya", "city": "Kyiv", "created": "2021-05-13T17:53:08.938Z", "updated": "2021-05-13T17:53:08.938Z", "paid": false}}, {"model": "order_clothesmarket.order", "pk": 18, "fields": {"first_name": "borys", "last_name": "Tarasov", "email": "borystarasov@gmail.com", "address": "Heroyv Sevastopolya", "city": "Kyiv", "created": "2021-05-13T17:53:09.059Z", "updated": "2021-05-13T17:53:09.059Z", "paid": false}}, {"model": "order_clothesmarket.order", "pk": 19, "fields": {"first_name": "borys", "last_name": "Tarasov", "email": "borystarasov@gmail.com", "address": "Heroyv Sevastopolya", "city": "Kyiv", "created": "2021-05-13T17:54:33.447Z", "updated": "2021-05-13T17:54:33.447Z", "paid": false}}, {"model": "order_clothesmarket.order", "pk": 20, "fields": {"first_name": "borys", "last_name": "Tarasov", "email": "borystarasov@gmail.com", "address": "Heroyv Sevastopolya", "city": "Kyiv", "created": "2021-05-13T17:58:10.106Z", "updated": "2021-05-13T17:58:10.106Z", "paid": false}}, {"model": "order_clothesmarket.order", "pk": 21, "fields": {"first_name": "borys", "last_name": "Tarasov", "email": "borystarasov@gmail.com", "address": "Heroyv Sevastopolya", "city": "Kyiv", "created": "2021-05-13T17:59:21.676Z", "updated": "2021-05-13T17:59:21.676Z", "paid": false}}, {"model": "order_clothesmarket.order", "pk": 22, "fields": {"first_name": "borys", "last_name": "Tarasov", "email": "borystarasov@gmail.com", "address": "Heroyv Sevastopolya", "city": "Kyiv", "created": "2021-05-13T18:00:10.419Z", "updated": "2021-05-13T18:00:10.419Z", "paid": false}}, {"model": "order_clothesmarket.order", "pk": 23, "fields": {"first_name": "borys", "last_name": "Tarasov", "email": "borystarasov@gmail.com", "address": "Heroyv Sevastopolya", "city": "Kyiv", "created": "2021-05-13T18:00:10.525Z", "updated": "2021-05-13T18:00:10.525Z", "paid": false}}, {"model": "order_clothesmarket.order", "pk": 24, "fields": {"first_name": "borys", "last_name": "Tarasov", "email": "borystarasov@gmail.com", "address": "Heroyv Sevastopolya", "city": "Kyiv", "created": "2021-05-13T18:07:15.012Z", "updated": "2021-05-13T18:07:15.012Z", "paid": false}}, {"model": "order_clothesmarket.order", "pk": 25, "fields": {"first_name": "borys", "last_name": "Tarasov", "email": "borystarasov@gmail.com", "address": "Heroyv Sevastopolya", "city": "Kyiv", "created": "2021-05-13T18:07:15.090Z", "updated": "2021-05-13T18:07:15.090Z", "paid": false}}, {"model": "order_clothesmarket.order", "pk": 26, "fields": {"first_name": "borys", "last_name": "Tarasov", "email": "borystarasov@gmail.com", "address": "Heroyv Sevastopolya", "city": "Kyiv", "created": "2021-05-13T18:07:15.234Z", "updated": "2021-05-13T18:07:15.234Z", "paid": false}}, {"model": "order_clothesmarket.order", "pk": 27, "fields": {"first_name": "borys", "last_name": "Tarasov", "email": "borystarasov@gmail.com", "address": "Heroyv Sevastopolya", "city": "Kyiv", "created": "2021-05-13T18:09:49.821Z", "updated": "2021-05-13T18:09:49.822Z", "paid": false}}, {"model": "order_clothesmarket.order", "pk": 28, "fields": {"first_name": "borys", "last_name": "Tarasov", "email": "borystarasov@gmail.com", "address": "Heroyv Sevastopolya", "city": "Kyiv", "created": "2021-05-13T18:09:49.942Z", "updated": "2021-05-13T18:09:49.942Z", "paid": false}}, {"model": "order_clothesmarket.order", "pk": 29, "fields": {"first_name": "borys", "last_name": "Tarasov", "email": "borystarasov@gmail.com", "address": "Heroyv Sevastopolya", "city": "Kyiv", "created": "2021-05-13T18:09:49.895Z", "updated": "2021-05-13T18:09:49.895Z", "paid": false}}, {"model": "order_clothesmarket.order", "pk": 30, "fields": {"first_name": "borys", "last_name": "Tarasov", "email": "borystarasov@gmail.com", "address": "Heroyv Sevastopolya", "city": "Kyiv", "created": "2021-05-13T18:14:12.091Z", "updated": "2021-05-13T18:14:12.091Z", "paid": false}}, {"model": "order_clothesmarket.order", "pk": 31, "fields": {"first_name": "borys", "last_name": "Tarasov", "email": "borystarasov@gmail.com", "address": "Heroyv Sevastopolya", "city": "Kyiv", "created": "2021-05-13T18:14:55.481Z", "updated": "2021-05-13T18:14:55.481Z", "paid": false}}, {"model": "order_clothesmarket.order", "pk": 32, "fields": {"first_name": "borys", "last_name": "Tarasov", "email": "borystarasov@gmail.com", "address": "Heroyv Sevastopolya", "city": "Kyiv", "created": "2021-05-13T18:16:50.369Z", "updated": "2021-05-13T18:16:50.369Z", "paid": false}}, {"model": "order_clothesmarket.order", "pk": 33, "fields": {"first_name": "borys", "last_name": "Tarasov", "email": "borystarasov@gmail.com", "address": "Heroyv Sevastopolya", "city": "Kyiv", "created": "2021-05-13T18:19:12.370Z", "updated": "2021-05-13T18:19:12.370Z", "paid": false}}, {"model": "order_clothesmarket.order", "pk": 34, "fields": {"first_name": "borys", "last_name": "Tarasov", "email": "borystarasov@gmail.com", "address": "Heroyv Sevastopolya", "city": "Kyiv", "created": "2021-05-13T18:19:12.503Z", "updated": "2021-05-13T18:19:12.503Z", "paid": false}}, {"model": "order_clothesmarket.order", "pk": 35, "fields": {"first_name": "borys", "last_name": "Tarasov", "email": "borystarasov@gmail.com", "address": "Heroyv Sevastopolya", "city": "Kyiv", "created": "2021-05-13T18:20:18.730Z", "updated": "2021-05-13T18:20:18.730Z", "paid": false}}, {"model": "order_clothesmarket.order", "pk": 36, "fields": {"first_name": "borys", "last_name": "Tarasov", "email": "borystarasov@gmail.com", "address": "Heroyv Sevastopolya", "city": "Kyiv", "created": "2021-05-13T18:20:18.839Z", "updated": "2021-05-13T18:20:18.839Z", "paid": false}}, {"model": "order_clothesmarket.order", "pk": 37, "fields": {"first_name": "borys", "last_name": "Tarasov", "email": "borystarasov@gmail.com", "address": "Heroyv Sevastopolya", "city": "Kyiv", "created": "2021-05-13T18:25:25.865Z", "updated": "2021-05-13T18:25:25.865Z", "paid": false}}, {"model": "order_clothesmarket.order", "pk": 38, "fields": {"first_name": "borys", "last_name": "Tarasov", "email": "borystarasov@gmail.com", "address": "Heroyv Sevastopolya", "city": "Kyiv", "created": "2021-05-13T18:52:27.359Z", "updated": "2021-05-13T18:52:27.359Z", "paid": false}}, {"model": "order_clothesmarket.order", "pk": 39, "fields": {"first_name": "borys", "last_name": "Tarasov", "email": "borystarasov@gmail.com", "address": "Heroyv Sevastopolya", "city": "Kyiv", "created": "2021-05-13T18:53:32.976Z", "updated": "2021-05-13T18:53:32.976Z", "paid": false}}, {"model": "order_clothesmarket.order", "pk": 40, "fields": {"first_name": "borys", "last_name": "Tarasov", "email": "borystarasov@gmail.com", "address": "Heroyv Sevastopolya", "city": "Kyiv", "created": "2021-05-13T18:55:20.440Z", "updated": "2021-05-13T18:55:20.440Z", "paid": false}}, {"model": "order_clothesmarket.order", "pk": 41, "fields": {"first_name": "borys", "last_name": "Tarasov", "email": "borystarasov@gmail.com", "address": "Heroyv Sevastopolya", "city": "Kyiv", "created": "2021-05-13T19:01:02.203Z", "updated": "2021-05-13T19:01:02.203Z", "paid": false}}, {"model": "order_clothesmarket.order", "pk": 42, "fields": {"first_name": "borys", "last_name": "Tarasov", "email": "borystarasov@gmail.com", "address": "Heroyv Sevastopolya", "city": "Kyiv", "created": "2021-05-13T19:01:53.616Z", "updated": "2021-05-13T19:01:53.616Z", "paid": false}}, {"model": "order_clothesmarket.order", "pk": 43, "fields": {"first_name": "borys", "last_name": "Tarasov", "email": "borystarasov@gmail.com", "address": "Heroyv Sevastopolya", "city": "Kyiv", "created": "2021-05-13T19:01:53.731Z", "updated": "2021-05-13T19:01:53.731Z", "paid": false}}, {"model": "order_clothesmarket.order", "pk": 44, "fields": {"first_name": "borys", "last_name": "Tarasov", "email": "borystarasov@gmail.com", "address": "Heroyv Sevastopolya", "city": "Kyiv", "created": "2021-05-13T19:03:43.284Z", "updated": "2021-05-13T19:03:43.284Z", "paid": false}}, {"model": "order_clothesmarket.order", "pk": 45, "fields": {"first_name": "borys", "last_name": "Tarasov", "email": "borystarasov@gmail.com", "address": "Heroyv Sevastopolya", "city": "Kyiv", "created": "2021-05-13T19:03:43.431Z", "updated": "2021-05-13T19:03:43.431Z", "paid": false}}, {"model": "order_clothesmarket.order", "pk": 46, "fields": {"first_name": "borys", "last_name": "Tarasov", "email": "borystarasov@gmail.com", "address": "Heroyv Sevastopolya", "city": "Kyiv", "created": "2021-05-13T19:07:11.804Z", "updated": "2021-05-13T19:07:11.804Z", "paid": false}}, {"model": "order_clothesmarket.order", "pk": 47, "fields": {"first_name": "borys", "last_name": "Tarasov", "email": "borystarasov@gmail.com", "address": "Heroyv Sevastopolya", "city": "Kyiv", "created": "2021-05-13T19:08:03.804Z", "updated": "2021-05-13T19:08:03.805Z", "paid": false}}, {"model": "order_clothesmarket.order", "pk": 48, "fields": {"first_name": "borys", "last_name": "Tarasov", "email": "borystarasov@gmail.com", "address": "Heroyv Sevastopolya", "city": "Kyiv", "created": "2021-05-13T19:11:20.821Z", "updated": "2021-05-13T19:11:20.821Z", "paid": false}}, {"model": "order_clothesmarket.order", "pk": 49, "fields": {"first_name": "borys", "last_name": "Tarasov", "email": "borystarasov@gmail.com", "address": "Heroyv Sevastopolya", "city": "Kyiv", "created": "2021-05-13T19:15:31.828Z", "updated": "2021-05-13T19:15:31.828Z", "paid": false}}, {"model": "order_clothesmarket.order", "pk": 50, "fields": {"first_name": "borys", "last_name": "Tarasov", "email": "borystarasov@gmail.com", "address": "Heroyv Sevastopolya", "city": "Kyiv", "created": "2021-05-13T19:17:18.243Z", "updated": "2021-05-13T19:17:18.243Z", "paid": false}}, {"model": "order_clothesmarket.order", "pk": 51, "fields": {"first_name": "borys", "last_name": "Tarasov", "email": "borystarasov@gmail.com", "address": "Heroyv Sevastopolya", "city": "Kyiv", "created": "2021-05-13T19:17:18.307Z", "updated": "2021-05-13T19:17:18.307Z", "paid": false}}, {"model": "order_clothesmarket.order", "pk": 52, "fields": {"first_name": "borys", "last_name": "Tarasov", "email": "borystarasov@gmail.com", "address": "Heroyv Sevastopolya", "city": "Kyiv", "created": "2021-05-13T19:20:38.807Z", "updated": "2021-05-13T19:20:38.807Z", "paid": false}}, {"model": "order_clothesmarket.order", "pk": 53, "fields": {"first_name": "borys", "last_name": "Tarasov", "email": "borystarasov@gmail.com", "address": "Heroyv Sevastopolya", "city": "Kyiv", "created": "2021-05-13T19:22:42.425Z", "updated": "2021-05-13T19:22:42.425Z", "paid": false}}, {"model": "order_clothesmarket.order", "pk": 54, "fields": {"first_name": "borys", "last_name": "Tarasov", "email": "borystarasov@gmail.com", "address": "Heroyv Sevastopolya", "city": "Kyiv", "created": "2021-05-13T19:28:04.987Z", "updated": "2021-05-13T19:28:04.987Z", "paid": false}}, {"model": "order_clothesmarket.order", "pk": 55, "fields": {"first_name": "borys", "last_name": "Tarasov", "email": "borystarasov@gmail.com", "address": "Heroyv Sevastopolya", "city": "Kyiv", "created": "2021-05-13T19:28:53.977Z", "updated": "2021-05-13T19:28:53.977Z", "paid": false}}, {"model": "order_clothesmarket.order", "pk": 56, "fields": {"first_name": "borys", "last_name": "Tarasov", "email": "borystarasov@gmail.com", "address": "Heroyv Sevastopolya", "city": "Kyiv", "created": "2021-05-13T19:30:12.171Z", "updated": "2021-05-13T19:30:12.171Z", "paid": false}}, {"model": "order_clothesmarket.order", "pk": 57, "fields": {"first_name": "borys", "last_name": "Tarasov", "email": "borystarasov@gmail.com", "address": "Heroyv Sevastopolya", "city": "Kyiv", "created": "2021-05-13T19:33:02.891Z", "updated": "2021-05-13T19:33:02.891Z", "paid": false}}, {"model": "order_clothesmarket.order", "pk": 58, "fields": {"first_name": "borys", "last_name": "Tarasov", "email": "borystarasov@gmail.com", "address": "Heroyv Sevastopolya", "city": "Kyiv", "created": "2021-05-13T19:33:02.963Z", "updated": "2021-05-13T19:33:02.963Z", "paid": false}}, {"model": "order_clothesmarket.order", "pk": 59, "fields": {"first_name": "borys", "last_name": "Tarasov", "email": "borystarasov@gmail.com", "address": "Heroyv Sevastopolya", "city": "Kyiv", "created": "2021-05-13T19:34:20.207Z", "updated": "2021-05-13T19:34:20.207Z", "paid": false}}, {"model": "order_clothesmarket.order", "pk": 60, "fields": {"first_name": "borys", "last_name": "Tarasov", "email": "borystarasov@gmail.com", "address": "Heroyv Sevastopolya", "city": "Kyiv", "created": "2021-05-13T19:36:00.240Z", "updated": "2021-05-13T19:36:00.240Z", "paid": false}}, {"model": "order_clothesmarket.order", "pk": 61, "fields": {"first_name": "borys", "last_name": "Tarasov", "email": "borystarasov@gmail.com", "address": "Heroyv Sevastopolya", "city": "Kyiv", "created": "2021-05-13T19:36:00.344Z", "updated": "2021-05-13T19:36:00.344Z", "paid": false}}, {"model": "order_clothesmarket.order", "pk": 62, "fields": {"first_name": "borys", "last_name": "Tarasov", "email": "borystarasov@gmail.com", "address": "Heroyv Sevastopolya", "city": "Kyiv", "created": "2021-05-13T19:37:35.160Z", "updated": "2021-05-13T19:37:35.160Z", "paid": false}}, {"model": "order_clothesmarket.order", "pk": 63, "fields": {"first_name": "borys", "last_name": "Tarasov", "email": "borystarasov@gmail.com", "address": "Heroyv Sevastopolya", "city": "Kyiv", "created": "2021-05-13T19:37:35.320Z", "updated": "2021-05-13T19:37:35.320Z", "paid": false}}, {"model": "order_clothesmarket.order", "pk": 64, "fields": {"first_name": "borys", "last_name": "Tarasov", "email": "borystarasov@gmail.com", "address": "Heroyv Sevastopolya", "city": "Kyiv", "created": "2021-05-13T19:38:49.617Z", "updated": "2021-05-13T19:38:49.617Z", "paid": false}}, {"model": "order_clothesmarket.order", "pk": 65, "fields": {"first_name": "borys", "last_name": "Tarasov", "email": "borystarasov@gmail.com", "address": "Heroyv Sevastopolya", "city": "Kyiv", "created": "2021-05-13T19:47:52.172Z", "updated": "2021-05-13T19:47:52.172Z", "paid": false}}, {"model": "order_clothesmarket.order", "pk": 66, "fields": {"first_name": "borys", "last_name": "Tarasov", "email": "borystarasov@gmail.com", "address": "Heroyv Sevastopolya", "city": "Kyiv", "created": "2021-05-13T19:51:42.209Z", "updated": "2021-05-13T19:51:42.209Z", "paid": false}}, {"model": "order_clothesmarket.order", "pk": 67, "fields": {"first_name": "borys", "last_name": "Tarasov", "email": "borystarasov@gmail.com", "address": "Heroyv Sevastopolya", "city": "Kyiv", "created": "2021-05-13T19:52:33.782Z", "updated": "2021-05-13T19:52:33.782Z", "paid": false}}, {"model": "order_clothesmarket.order", "pk": 68, "fields": {"first_name": "borys", "last_name": "Tarasov", "email": "borystarasov@gmail.com", "address": "Heroyv Sevastopolya", "city": "Kyiv", "created": "2021-05-13T19:52:33.878Z", "updated": "2021-05-13T19:52:33.878Z", "paid": false}}, {"model": "order_clothesmarket.order", "pk": 69, "fields": {"first_name": "borys", "last_name": "Tarasov", "email": "borystarasov@gmail.com", "address": "Heroyv Sevastopolya", "city": "Kyiv", "created": "2021-05-13T19:52:33.878Z", "updated": "2021-05-13T19:52:33.878Z", "paid": false}}, {"model": "order_clothesmarket.order", "pk": 70, "fields": {"first_name": "borys", "last_name": "Tarasov", "email": "borystarasov@gmail.com", "address": "Heroyv Sevastopolya", "city": "Kyiv", "created": "2021-05-13T19:54:10.150Z", "updated": "2021-05-13T19:54:10.150Z", "paid": false}}, {"model": "order_clothesmarket.order", "pk": 71, "fields": {"first_name": "borys", "last_name": "Tarasov", "email": "borystarasov@gmail.com", "address": "Heroyv Sevastopolya", "city": "Kyiv", "created": "2021-05-13T19:54:10.294Z", "updated": "2021-05-13T19:54:10.294Z", "paid": false}}, {"model": "order_clothesmarket.order", "pk": 72, "fields": {"first_name": "borys", "last_name": "Tarasov", "email": "borystarasov@gmail.com", "address": "Heroyv Sevastopolya", "city": "Kyiv", "created": "2021-05-13T20:02:06.807Z", "updated": "2021-05-13T20:02:06.807Z", "paid": false}}, {"model": "order_clothesmarket.order", "pk": 73, "fields": {"first_name": "borys", "last_name": "Tarasov", "email": "borystarasov@gmail.com", "address": "Heroyv Sevastopolya", "city": "Kyiv", "created": "2021-05-13T20:29:40.036Z", "updated": "2021-05-13T20:29:40.036Z", "paid": false}}, {"model": "order_clothesmarket.order", "pk": 74, "fields": {"first_name": "borys", "last_name": "Tarasov", "email": "borystarasov@gmail.com", "address": "Heroyv Sevastopolya", "city": "Kyiv", "created": "2021-05-13T20:31:44.925Z", "updated": "2021-05-13T20:31:44.925Z", "paid": false}}, {"model": "order_clothesmarket.order", "pk": 75, "fields": {"first_name": "borys", "last_name": "Tarasov", "email": "borystarasov@gmail.com", "address": "Heroyv Sevastopolya", "city": "Kyiv", "created": "2021-05-13T20:35:33.663Z", "updated": "2021-05-13T20:35:33.663Z", "paid": false}}, {"model": "order_clothesmarket.order", "pk": 76, "fields": {"first_name": "borys", "last_name": "Tarasov", "email": "borystarasov@gmail.com", "address": "Heroyv Sevastopolya", "city": "Kyiv", "created": "2021-05-13T20:38:57.233Z", "updated": "2021-05-13T20:38:57.233Z", "paid": false}}, {"model": "order_clothesmarket.order", "pk": 77, "fields": {"first_name": "borys", "last_name": "Tarasov", "email": "borystarasov@gmail.com", "address": "Heroyv Sevastopolya", "city": "Kyiv", "created": "2021-05-13T20:54:50.343Z", "updated": "2021-05-13T20:54:50.343Z", "paid": false}}, {"model": "order_clothesmarket.order", "pk": 78, "fields": {"first_name": "borys", "last_name": "Tarasov", "email": "borystarasov@gmail.com", "address": "Heroyv Sevastopolya", "city": "Kyiv", "created": "2021-05-14T05:37:41.693Z", "updated": "2021-05-14T05:37:41.693Z", "paid": false}}, {"model": "order_clothesmarket.order", "pk": 79, "fields": {"first_name": "borys", "last_name": "Tarasov", "email": "borystarasov@gmail.com", "address": "Heroyv Sevastopolya", "city": "Kyiv", "created": "2021-05-14T05:57:21.815Z", "updated": "2021-05-14T05:57:21.815Z", "paid": false}}, {"model": "order_clothesmarket.order", "pk": 80, "fields": {"first_name": "borys", "last_name": "Tarasov", "email": "borystarasov@gmail.com", "address": "Heroyv Sevastopolya", "city": "Kyiv", "created": "2021-05-15T20:10:38.635Z", "updated": "2021-05-15T20:10:38.635Z", "paid": false}}, {"model": "order_clothesmarket.order", "pk": 81, "fields": {"first_name": "borys", "last_name": "Tarasov", "email": "borystarasov@gmail.com", "address": "Heroyv Sevastopolya", "city": "Kyiv", "created": "2021-05-15T20:10:38.734Z", "updated": "2021-05-15T20:10:38.734Z", "paid": false}}, {"model": "order_clothesmarket.order", "pk": 82, "fields": {"first_name": "borys", "last_name": "Tarasov", "email": "borystarasov@gmail.com", "address": "Heroyv Sevastopolya", "city": "Kyiv", "created": "2021-05-16T08:03:02.862Z", "updated": "2021-05-16T08:03:02.862Z", "paid": false}}, {"model": "order_clothesmarket.order", "pk": 83, "fields": {"first_name": "borys", "last_name": "Tarasov", "email": "borystarasov@gmail.com", "address": "Heroyv Sevastopolya", "city": "Kyiv", "created": "2021-05-16T08:03:02.981Z", "updated": "2021-05-16T08:03:02.982Z", "paid": false}}, {"model": "order_clothesmarket.order", "pk": 84, "fields": {"first_name": "borys", "last_name": "Tarasov", "email": "borystarasov@gmail.com", "address": "Heroyv Sevastopolya", "city": "Kyiv", "created": "2021-05-16T08:04:48.485Z", "updated": "2021-05-16T08:04:48.485Z", "paid": false}}, {"model": "order_clothesmarket.order", "pk": 85, "fields": {"first_name": "borys", "last_name": "Tarasov", "email": "borystarasov@gmail.com", "address": "Heroyv Sevastopolya", "city": "Kyiv", "created": "2021-05-16T08:04:48.590Z", "updated": "2021-05-16T08:04:48.590Z", "paid": false}}, {"model": "order_clothesmarket.order", "pk": 86, "fields": {"first_name": "borys", "last_name": "Tarasov", "email": "borystarasov@gmail.com", "address": "Heroyv Sevastopolya", "city": "Kyiv", "created": "2021-05-16T14:45:19.548Z", "updated": "2021-05-16T14:45:19.548Z", "paid": false}}, {"model": "order_clothesmarket.order", "pk": 87, "fields": {"first_name": "borys", "last_name": "Tarasov", "email": "borystarasov@gmail.com", "address": "Heroyv Sevastopolya", "city": "Kyiv", "created": "2021-05-16T14:45:19.580Z", "updated": "2021-05-16T14:45:19.580Z", "paid": false}}, {"model": "order_clothesmarket.order", "pk": 88, "fields": {"first_name": "borys", "last_name": "Tarasov", "email": "borystarasov@gmail.com", "address": "Heroyv Sevastopolya", "city": "Kyiv", "created": "2021-05-16T14:45:19.700Z", "updated": "2021-05-16T14:45:19.700Z", "paid": false}}, {"model": "order_clothesmarket.order", "pk": 89, "fields": {"first_name": "borys", "last_name": "Tarasov", "email": "borystarasov@gmail.com", "address": "Heroyv Sevastopolya", "city": "Kyiv", "created": "2021-05-16T14:45:19.732Z", "updated": "2021-05-16T14:45:19.732Z", "paid": false}}, {"model": "order_clothesmarket.orderitem", "pk": 1, "fields": {"order": 1, "product": 2, "price": "1100.00", "quantity": 1}}, {"model": "order_clothesmarket.orderitem", "pk": 2, "fields": {"order": 1, "product": 19, "price": "1000.00", "quantity": 1}}, {"model": "order_clothesmarket.orderitem", "pk": 3, "fields": {"order": 1, "product": 29, "price": "1200.00", "quantity": 1}}, {"model": "order_clothesmarket.orderitem", "pk": 4, "fields": {"order": 2, "product": 34, "price": "1000.00", "quantity": 1}}, {"model": "order_clothesmarket.orderitem", "pk": 5, "fields": {"order": 3, "product": 32, "price": "1000.00", "quantity": 1}}, {"model": "order_clothesmarket.orderitem", "pk": 6, "fields": {"order": 4, "product": 35, "price": "1020.00", "quantity": 1}}, {"model": "order_clothesmarket.orderitem", "pk": 7, "fields": {"order": 5, "product": 80, "price": "3000.00", "quantity": 1}}, {"model": "order_clothesmarket.orderitem", "pk": 8, "fields": {"order": 5, "product": 77, "price": "4900.00", "quantity": 1}}, {"model": "order_clothesmarket.orderitem", "pk": 9, "fields": {"order": 6, "product": 5, "price": "2300.00", "quantity": 1}}, {"model": "order_clothesmarket.orderitem", "pk": 10, "fields": {"order": 6, "product": 13, "price": "1000.00", "quantity": 1}}, {"model": "order_clothesmarket.orderitem", "pk": 11, "fields": {"order": 6, "product": 34, "price": "1000.00", "quantity": 1}}, {"model": "order_clothesmarket.orderitem", "pk": 12, "fields": {"order": 7, "product": 23, "price": "2100.00", "quantity": 1}}, {"model": "order_clothesmarket.orderitem", "pk": 13, "fields": {"order": 8, "product": 30, "price": "1200.00", "quantity": 1}}, {"model": "order_clothesmarket.orderitem", "pk": 14, "fields": {"order": 9, "product": 30, "price": "1200.00", "quantity": 1}}, {"model": "order_clothesmarket.orderitem", "pk": 15, "fields": {"order": 10, "product": 30, "price": "1200.00", "quantity": 1}}, {"model": "order_clothesmarket.orderitem", "pk": 16, "fields": {"order": 12, "product": 30, "price": "1200.00", "quantity": 1}}, {"model": "order_clothesmarket.orderitem", "pk": 17, "fields": {"order": 13, "product": 30, "price": "1200.00", "quantity": 1}}, {"model": "order_clothesmarket.orderitem", "pk": 18, "fields": {"order": 14, "product": 30, "price": "1200.00", "quantity": 1}}, {"model": "order_clothesmarket.orderitem", "pk": 19, "fields": {"order": 15, "product": 30, "price": "1200.00", "quantity": 1}}, {"model": "order_clothesmarket.orderitem", "pk": 20, "fields": {"order": 16, "product": 30, "price": "1200.00", "quantity": 1}}, {"model": "order_clothesmarket.orderitem", "pk": 21, "fields": {"order": 17, "product": 30, "price": "1200.00", "quantity": 1}}, {"model": "order_clothesmarket.orderitem", "pk": 22, "fields": {"order": 18, "product": 30, "price": "1200.00", "quantity": 1}}, {"model": "order_clothesmarket.orderitem", "pk": 23, "fields": {"order": 19, "product": 30, "price": "1200.00", "quantity": 1}}, {"model": "order_clothesmarket.orderitem", "pk": 24, "fields": {"order": 22, "product": 30, "price": "1200.00", "quantity": 1}}, {"model": "order_clothesmarket.orderitem", "pk": 25, "fields": {"order": 22, "product": 78, "price": "1000.00", "quantity": 3}}, {"model": "order_clothesmarket.orderitem", "pk": 26, "fields": {"order": 23, "product": 30, "price": "1200.00", "quantity": 1}}, {"model": "order_clothesmarket.orderitem", "pk": 27, "fields": {"order": 23, "product": 78, "price": "1000.00", "quantity": 3}}, {"model": "order_clothesmarket.orderitem", "pk": 28, "fields": {"order": 24, "product": 25, "price": "3000.00", "quantity": 1}}, {"model": "order_clothesmarket.orderitem", "pk": 29, "fields": {"order": 25, "product": 25, "price": "3000.00", "quantity": 1}}, {"model": "order_clothesmarket.orderitem", "pk": 30, "fields": {"order": 26, "product": 25, "price": "3000.00", "quantity": 1}}, {"model": "order_clothesmarket.orderitem", "pk": 31, "fields": {"order": 27, "product": 25, "price": "3000.00", "quantity": 3}}, {"model": "order_clothesmarket.orderitem", "pk": 32, "fields": {"order": 28, "product": 25, "price": "3000.00", "quantity": 3}}, {"model": "order_clothesmarket.orderitem", "pk": 33, "fields": {"order": 29, "product": 25, "price": "3000.00", "quantity": 3}}, {"model": "order_clothesmarket.orderitem", "pk": 34, "fields": {"order": 30, "product": 25, "price": "3000.00", "quantity": 3}}, {"model": "order_clothesmarket.orderitem", "pk": 35, "fields": {"order": 31, "product": 25, "price": "3000.00", "quantity": 3}}, {"model": "order_clothesmarket.orderitem", "pk": 36, "fields": {"order": 32, "product": 25, "price": "3000.00", "quantity": 3}}, {"model": "order_clothesmarket.orderitem", "pk": 37, "fields": {"order": 33, "product": 25, "price": "3000.00", "quantity": 3}}, {"model": "order_clothesmarket.orderitem", "pk": 38, "fields": {"order": 34, "product": 25, "price": "3000.00", "quantity": 3}}, {"model": "order_clothesmarket.orderitem", "pk": 39, "fields": {"order": 35, "product": 25, "price": "3000.00", "quantity": 3}}, {"model": "order_clothesmarket.orderitem", "pk": 40, "fields": {"order": 36, "product": 25, "price": "3000.00", "quantity": 3}}, {"model": "order_clothesmarket.orderitem", "pk": 41, "fields": {"order": 37, "product": 25, "price": "3000.00", "quantity": 3}}, {"model": "order_clothesmarket.orderitem", "pk": 42, "fields": {"order": 40, "product": 25, "price": "3000.00", "quantity": 3}}, {"model": "order_clothesmarket.orderitem", "pk": 43, "fields": {"order": 53, "product": 9, "price": "4000.00", "quantity": 1}}, {"model": "order_clothesmarket.orderitem", "pk": 44, "fields": {"order": 60, "product": 9, "price": "4000.00", "quantity": 1}}, {"model": "order_clothesmarket.orderitem", "pk": 45, "fields": {"order": 61, "product": 9, "price": "4000.00", "quantity": 1}}, {"model": "order_clothesmarket.orderitem", "pk": 46, "fields": {"order": 64, "product": 9, "price": "4000.00", "quantity": 1}}, {"model": "order_clothesmarket.orderitem", "pk": 47, "fields": {"order": 65, "product": 9, "price": "4000.00", "quantity": 2}}, {"model": "order_clothesmarket.orderitem", "pk": 48, "fields": {"order": 73, "product": 9, "price": "4000.00", "quantity": 2}}, {"model": "order_clothesmarket.orderitem", "pk": 49, "fields": {"order": 74, "product": 9, "price": "4000.00", "quantity": 2}}, {"model": "order_clothesmarket.orderitem", "pk": 50, "fields": {"order": 75, "product": 9, "price": "4000.00", "quantity": 1}}, {"model": "order_clothesmarket.orderitem", "pk": 51, "fields": {"order": 76, "product": 9, "price": "4000.00", "quantity": 1}}, {"model": "order_clothesmarket.orderitem", "pk": 52, "fields": {"order": 79, "product": 25, "price": "3000.00", "quantity": 2}}, {"model": "order_clothesmarket.orderitem", "pk": 53, "fields": {"order": 80, "product": 27, "price": "1100.00", "quantity": 2}}, {"model": "order_clothesmarket.orderitem", "pk": 54, "fields": {"order": 82, "product": 76, "price": "2570.00", "quantity": 3}}, {"model": "order_clothesmarket.orderitem", "pk": 55, "fields": {"order": 83, "product": 76, "price": "2570.00", "quantity": 3}}, {"model": "order_clothesmarket.orderitem", "pk": 56, "fields": {"order": 84, "product": 75, "price": "3400.00", "quantity": 1}}, {"model": "order_clothesmarket.orderitem", "pk": 57, "fields": {"order": 85, "product": 75, "price": "3400.00", "quantity": 1}}, {"model": "order_clothesmarket.orderitem", "pk": 58, "fields": {"order": 87, "product": 29, "price": "1200.00", "quantity": 1}}, {"model": "order_clothesmarket.orderitem", "pk": 59, "fields": {"order": 86, "product": 29, "price": "1200.00", "quantity": 1}}, {"model": "order_clothesmarket.orderitem", "pk": 60, "fields": {"order": 88, "product": 29, "price": "1200.00", "quantity": 1}}, {"model": "order_clothesmarket.orderitem", "pk": 61, "fields": {"order": 89, "product": 29, "price": "1200.00", "quantity": 1}}]